Year,Artist,Title,Reason
2013,2 Chainz,I'm Different,language
2016,2 Chainz,Watch Out,language
2012,2 Chainz feat. Drake,No Lie,language
2010,2 Pistols ft. Jason Derulo,Redonkulous,content - sexual
2019,21 Savage,A lot,language
2019,21 Savage,Can’t leave without it,language
2021,"21 Savage, Metro Boomin",RIP Luv,language
2021,"21 Savage, Metro Boomin",Snitches & Rats (feat. Young Nudy),language
2021,"21 Savage, Metro Boomin",Brand New Draco,language
2021,"21 Savage, Metro Boomin",Glock In My Lap,language
2021,"21 Savage, Metro Boomin",Many Men,language
2021,"21 Savage, Metro Boomin",Mr. Right Now (feat. Drake),language
2021,"21 Savage, Metro Boomin",My Dawg,language
2021,"21 Savage, Metro Boomin",No Opp Left Behind,language
2021,"21 Savage, Metro Boomin",Rich ni**a Sh*t (feat. Young Thug),language
2021,"21 Savage, Metro Boomin",Runnin,language
2021,"21 Savage, Metro Boomin",Slidin,language
2021,"21 Savage, Metro Boomin",Steppin On ni**as,language
2019,22Gz ft. Kodak Black,Spin the Block,language
2021,24kGoldn,CITY OF ANGELS,language
2019,24kGoldn,Valentino,language
2020,24kGoldn Featuring iann dior,Mood,language
2021,347aidan,Dancing in My Room,language
2010,3OH!3 ft. Kesha,My First Kiss,content - sexual
2016,5 Seconds Of Summer,Jet Black Heart,drinking / drugs / partying
2021,5 Seconds of Summer,Old Me,language
2021,5 Seconds of Summer,No Shame,content - sexual
2016,5 Seconds Of Summer,Girls Talk Boys,content - sexual
2014,5 Seconds of Summer,Good Girls,content - sexual
2014,5 Seconds of Summer,She Looks so Perfect,content - sexual
2019,5 Seconds Of Summer,Teeth,violence
2019,5 Seconds of Summer,Youngblood,drinking / drugs / partying
2013,50 Cent ft. Eminem & Adam Levine,My Life,language
2018,6IX9INE,FEFE,language
2021,6ix9ine,GOOBA,language
2021,6ix9ine,PUNANI,language
2021,6ix9ine,TROLLZ (with Nicki Minaj),language
2021,6ix9ine,YAYA,language
2017,A Boogie wit Da Hoodie,My Sh*t,language
2019,A Boogie Wit da Hoodie,Look Back At It,language
2021,A Boogie Wit da Hoodie,Bleed,language
2021,A Boogie Wit da Hoodie,King Of My City,language
2021,A Boogie Wit da Hoodie,Might Not Give Up (feat. Young Thug),language
2021,A Boogie Wit da Hoodie,"Numbers (feat. Roddy Ricch, Gunna and London On Da Track)",language
2019,A Boogie Wit da Hoodie feat. 6ix9ine,Swervin,language
2019,A Boogie Wit da Hoodie ft. Juice Wrld,Deamons and Angels,language
2019,"A Boogie Wit da Hoodie,Offset and Tyga)",Startender,language
2018,A$AP Ferg,Plain Jane REMIX,language
2021,A$AP Ferg,Move Ya Hips (feat. Nicki Minaj & MadeinTYO),language
2012,A$AP Rocky,Goldie,drinking / drugs / partying
2013,A$AP Rocky,Long Live A$ap,language
2013,A$AP Rocky Featuring Skrillex & Birdy Nam Nam,Wild for the Night,language
2013,"A$AP Rocky ft. Drake, 2 Chainz and Kendrick Lamar",F**kin Problems,language
2019,A$ton Wyld,Next Level,language
2016,Aaron Carter,Fool's Gold,language
2013,Ace Hood feat. Future and Rick Ross,Bugatti,language
2015,Adam Lambert,Another Lonely Night,language
2015,Adam Lambert,Ghost Town,language
2016,Adelitas Way,Bad Reputation,drinking / drugs / partying
2014,Aer,Says She Loves Me,drinking / drugs / partying
2015,Afrojack ft. Mike Taylor,SummerThing!,content - sexual
2015,Aggro Santos ft. Andreea Banica,Red Lips,content - sexual
2019,AJ Tracey,Psych Out!,language
2017,AJR,Weak,drinking / drugs / partying
2019,AJR,Dear Winter,language
2016,AJR,I'm Not Famous,language
2020,AJR,Bang!,violence
2019,"Alan Walker, A$AP Rocky",Live Fast (PUBGM),language
2015,Alessia Cara,Here,drinking / drugs / partying
2016,Alessia Cara ft G-Eazy,Wild Things,language
2021,Ali Gatie,It's You,content - sad
2013,Alicia Keys feat. Nicki Minaj,Girl On Fire,language
2015,AlunaGeorge & DJ Snake,You Know You lIke it,content - sexual
2016,AlunaGeorge ft Popcaan,I'm In Control,content - sexual
2015,Alyxx Dione f./Jason Derulo,Chingalinga,content - sexual
2017,Amos Lee,Vaporize,drinking / drugs / partying
2016,Andy Grammer,Good To Be Alive (Hallelujah),violence
2019,"Anitta, Lexa & Luísa Sonza",Combatchy (feat. MC Rebecca),language
2021,Anne-Marie,2002,drinking / drugs / partying
2021,Anne-Marie,Birthday,language
2016,Anne-Marie,Alarm,content - sexual
2021,"Anne-Marie, KSI, Digital Farm Animals",Don't Play,language
2021,"Anne-Marie, Little Mix",Kiss My (Uh Oh),content - sexual
2021,"Anne-Marie, Niall Horan",Our Song,language
2019,Anuel AA & Daddy Yankee & Karol G,China feat. J Balvin & Ozuna,drinking / drugs / partying
2019,Anuell AA,Secreto ft. Karol G,content - sexual
2019,Apache 207,Roller,language
2021,Arctic Monkeys,Why'd You Only Call Me When You're High?,drinking / drugs / partying
2021,Arctic Monkeys,Do I Wanna Know?,content - sexual
2015,Ariana Grande,One Last Time,content - sad
2020,Ariana Grande,7 Rings,language
2019,Ariana Grande,Boyfriend,language
2019,Ariana Grande,"Break up with your girlfriend, i'm bored",language
2016,Ariana Grande,Focus,language
2019,Ariana Grande,"Thank You, Next",language
2021,Ariana Grande,Six thirty,language
2021,Ariana Grande,love language,language
2021,Ariana Grande,motive (with Doja Cat),language
2021,Ariana Grande,safety net (feat. Ty Dolla $ign),language
2021,Ariana Grande,Shut up,language
2021,Ariana Grande,test drive,language
2021,Ariana Grande,"thank u, next",language
2021,Ariana Grande,nasty,language
2021,Ariana Grande,34+35,content - sexual
2021,Ariana Grande,just like magic,content - sexual
2021,Ariana Grande,my hair,content - sexual
2021,Ariana Grande,obvious,content - sexual
2021,Ariana Grande,off the table (with The Weeknd),content - sexual
2021,Ariana Grande,pov,content - sexual
2021,Ariana Grande,west side,content - sexual
2018,Ariana Grande,God is a woman,content - sexual
2020,Ariana Grande,Positions,content - sexual
2020,Ariana Grande & Justin Bieber,Stuck With U,content - sexual
2019,Ariana Grande & Miley Cyrus,Don't Call me Angel,content - sexual
2014,Ariana Grande f./The Weeknd,Love Me Harder,content - sexual
2013,Ariana Grande feat. Mac Miller,The Way,content - sexual
2016,Ariana Grande feat. Nicki Minaj,Side To Side,content - sexual
2019,Arizona Zervas,Roxanne,language
2021,Arizona Zervas,FML,language
2015,AronChupa,I'm An Albatraoz,language
2021,Ashnikko,Daisy,language
2021,Ashnikko,Slumber Party (feat. Princess Nokia),language
2016,Audiodamn!,Don't Call Me When It's Over,language
2019,Audiosoulz,Dancefloor,drinking / drugs / partying
2014,August Alsina ft. Trinidad James,I Luv This Sh*t,language
2014,Austin Mahone ft. Pitbull,Mmm Yeah,content - sexual
2021,Ava Max,Who's Laughing Now,content - sexual
2021,Ava Max,Salt,content - sexual
2019,Ava Max,Sweet but Psycho,content - sensitive topic
2011,Avril Lavigne,What The Hell,language
2010,AWOLNATION,Sail,content - sad
2019,Aya Nakamura,Djadja,language
2015,B.o.B,Not for Long,drinking / drugs / partying
2012,B.o.B,So Good,content - sexual
2021,Baby Keem,durag activity (with Travis Scott),language
2019,Bad Bunny,Vete,language
2019,Bad Bunny,Callaita,content - sexual
2019,Bad Bunny,MIA ft. Drake,content - sexual
2020,Bad Bunny & Jhay Cortez,Bakiti,language
2019,Bad Bunny ft. El Alfa,La Romana,language
2011,Bad Meets Evil feat. Bruno Mars,Lighters,language
2021,BANNERS,Someone To You,content - sad
2021,Barbara Pravi,Voila,content - sexual
2021,Bas,The Jackie (with J. Cole & Lil Tjay),language
2018,Bazzi,Mine,drinking / drugs / partying
2019,Bazzi,I.F.L.Y.,language
2021,Bazzi,Young & Alive,language
2021,Bea Miller,feel something,content - sad
2014,Bebe Rexha,I Can't Stop Drinking About You,drinking / drugs / partying
2021,Bebe Rexha,"Baby, I'm Jealous (feat. Doja Cat)",content - sexual
2016,Belly ft The Weeknd Might Not,,language
2021,"Belly, The Weeknd, Young Thug Better Believe",,language
2020,BENEE Featuring Gus Dapperton Supalonely,,language
2019,benny blanco Graduation (with Juice WRLD),,language
2019,Benny Blanco Roses,,language
2021,benny blanco Eastside (with Halsey & Khalid),,content - sexual
2015,Betty Who All Of You,,content - sexual
2020,Beyonce Pretty Hurts,,content - sad
2011,Beyonce Best Thing I Never Had,,content - sad
2014,Beyonce 7 11,,language
2016,Beyonce Hold Up,,language
2016,Beyonce Sorry,,language
2014,Beyonce XO,,content - sexual
2014,Beyonce Partition,,content - sexual
2021,Beyoncé BLACK PARADE,,language
2011,Beyonce ft. J.Cole Party,,content - sexual
2014,Beyonce ft. Jay-Z Drunk in Love,,content - sexual
2015,Beyonce ft. Nicki Minaj & Chimamanda Ngozi Flawless,,language
2021,"Beyoncé, Megan Thee Stallion Savage Remix (feat. Beyoncé)",,language
2021,BIA WHOLE LOTTA MONEY (feat. Nicki Minaj) - Remix,,language
2020,Big $tunt Capitalize off Pain,,language
2016,Bebe Rexha ft Nicki Minaj,No Broken Hearts,drinking / drugs / partying
2015,Becky G,Break a Sweat,content - sexual
2021,Bella Poarch,Build a Bitch,language
2021,Big Red Machine,Renegade (feat. Taylor Swift),language
2021,Big Sean,Wolves (feat. Post Malone),language
2021,Big Sean,Lithuania (feat. Travis Scott),language
2011,Big Sean feat. Chris Brown,My Last,language
2016,Big Sean feat. Chris Brown & Ty Dolla $ign,Play No Games,language
2015,Big Sean feat. E-40,I Don't Fk With You,language
2013,Big Sean feat. Lil Wayne,Beware,language
2012,Big Sean feat. Nicki Minaj,Dance (A$$),language
2015,Big Sean feat. Rick Ross and E40,IDFWU,language
2015,Big Sean ft. Drake,Blessings,language
2011,Big Time Rush ft. Snoop Dogg,Boyfriend,language
2021,Billie Eilish,all the good girls go to hell,content - sad
2021,Billie Eilish,bury a friend,content - sad
2020,Billie Eilish,Therefore I Am,language
2021,Billie Eilish,NDA,language
2021,Billie Eilish,Wish you were gay,content - sexual
2012,Birdman ft. Rick Ross,Born Stunna,language
2015,BJ The Chicago Kid feat. ScHoolboy Q,It's True,language
2020,Black Eyed Peas,Pump It,language
2011,Black Eyed Peas,Just Can't Get Enough,language
2020,Black Eyed Peas X J Balvin,RITMO (Bad Boys For Life),language
2021,"Black Eyed Peas, Ozuna, J. Rey Soul",MAMACITA,language
2021,"Black Eyed Peas, Shakira",GIRL LIKE ME,content - sexual
2021,blackbear,me & ur ghost,language
2021,blackbear,if i were u (with Lauv),language
2020,blackbear,Hot Girl Bummer,language
2014,Blackout Ft  Jah-Fu,My Nutty Buddies,content - sexual
2021,BLACKPINK,Lovesick Girls,content - sad
2021,BLACKPINK,Crazy Over You,language
2021,BLACKPINK,Pretty Savage,language
2020,Blackpink,How you like that,language
2021,BLACKPINK,Love To Hate Me,language
2021,BLACKPINK,Ice Cream (with Selena Gomez),language
2021,BLACKPINK,Kill This Love,language
2021,BLACKPINK,Bet You Wanna (feat. Cardi B),content - sexual
2010,Blackstreet ft. Dr.Dre,No Diggity,language
2016,Blake Shelton,Gonna,language
2019,Blake Shelton,God's Country,religion
2020,Blake Shelton Duet With Gwen Stefani,Nobody But You,content - sexual
2013,Blake Shelton ft. Pistol Annies and Friends,Boys 'Round Here,language
2014,Bleachers,I Wanna Get Better,content - sad
2018,BlocBoy JB,Look Alive (feat. Drake),language
2016,Blonde & Craig David,Nothing Like This,content - sexual
2020,Blondie,Heart of Glass,language
2019,Blueface,Thotiana,language
2011,Blush ft. Snoop Dogg,Undivided,content - sexual
2021,"Blxst, Tyga",Chosen (feat. Ty Dolla $ign),language
2021,Bo Burnham,All Eyes On Me,language
2021,Bo Burnham,Bezos I,language
2012,Bob Sinclair ft. Snoop Dogg,Wild Thing,content - sexual
2015,"Bobby Brackins ft. IamSu, Too Short & Mila J",Hot Box,language
2011,Bow Wow ft. Lil Wayne,Sweat,language
2014,Brantley Gilbert,Bottoms Up,language
2021,Brent Faiyaz,Wasting Time ( feat. Drake ),language
2021,"Brent Faiyaz, DJ Dahi","Gravity (feat. Tyler, The Creator)",language
2016,Brett Eldredge,Drunk on your Love,drinking / drugs / partying
2019,Brett Young,Here Tonight,content - sexual
2021,Bring Me The Horizon,Can You Feel My Heart,language
2021,Bring Me The Horizon,Parasite Eve,language
2013,Britney Spears,Work Bitch,language
2011,Britney Spears,Hold It Against Me,content - sexual
2011,Britney Spears,I Wanna Go,content - sexual
2016,Britney Spears f./Tinashe,Slumber Party,language
2016,Britney Spears ft G-Eazy,Make Me,language
2021,BROCKHAMPTON,SUGAR,language
2021,Bruno Mars,Runaway baby,content - sensitive topic
2016,Bruno Mars 24K Magic,,language
2018,Bruno Mars Finesse (Remix) [feat. Cardi B],,language
2011,Bruno Mars The Lazy Song,,content - sexual
2013,Bruno Mars Locked out of Heaven,,content - sexual
2013,Bruno Mars Treasure,,content - sexual
2014,Bruno Mars Young Girls,,violence
2021,"Bruno Mars, Anderson .Paak, Silk Sonic Leave The Door Open",,drinking / drugs / partying
2016,Bryson Tiller Don't,,language
2016,Bryson Tiller Exchange,,language
2016,Bryson Tiller Sorry Not Sorry,,language
2021,Bryson Tiller Outta Time (feat. Drake),,content - sexual
2021,BTS Louder than bombs,,content - sad
2021,BTS ON (Feat. Sia),,content - sad
2021,BTS Dis-ease,,content - sensitive topic
2021,BTS Fly To My Room,,drinking / drugs / partying
2021,BTS Interlude : Shadow,,drinking / drugs / partying
2021,BTS Black Swan,,content - sexual
2021,BTS UGH!,,violence
2014,"Busta Rhymes ft. Z-Tip, Kanye West & Lil WaynThank You",,drinking / drugs / partying
2012,Ca$h Out Cashin' Out,,language
2019,Cadet & Deno Driz Advice,,language
2019,Calboy Envy Me,,language
2021,Calvin Harris Over Now (with The Weeknd),,language
2021,Calvin Harris One Kiss (with Dua Lipa),,content - sexual
2015,Calvin Harris & Disciples How Deep is Your Love,,content - sexual
2018,Camila Cabello Never Be the Same,,drinking / drugs / partying
2021,Camila Cabello Don't Go Yet,,content - sexual
2021,Camila Cabello Liar,,content - sexual
2019,Camila Cabello Shameless,,content - sexual
2019,Camila Cabello Living Proof,,content - sexual
2020,Camila Cabello Featuring DaBaby,My Oh My,language
2020,Camila Cabello ft. Young Thug,Havana,content - sexual
2018,Cardi B,Be Careful,language
2018,Cardi B,Bodak Yellow,language
2018,Cardi B,I Like It,language
2019,Cardi B,Money,language
2019,Cardi B,Please Me,language
2021,Cardi B,Up,language
2020,Cardi B Featuring Megan Thee Stallion,WAP,language
2020,Carly Pearce & Lee Brice,I Hope You're Happy Now,content - sad
2012,Carrie Underwood,Blown Away,violence
2016,Cash Cash & Digital Farm Animals f./Nelly,Millionaire,content - sexual
2016,Cashmere Cat f./Selena Gomez & Tory Lanez,Trust Nobody,language
2019,C-BooL,Catch You,content - sad
2011,Cee Lo Green,F**K You (Forget You),language
2016,Chainsmokers ft Halsey,Closer,drinking / drugs / partying
2015,Chainsmokers ft Rozes,Roses,drinking / drugs / partying
2014,Charli XCX,Break The Rules,drinking / drugs / partying
2016,Charli XCX f./Lil Yachty,After The Afterparty,drinking / drugs / partying
2015,Charli XCX ft. Rita Ora,Doing It,content - sexual
2015,Charlie Puth ft. Meghan Trainor,Marvin Gaye,content - sexual
2016,Charly Black,Gyal You A Party Animal,content - sexual
2016,Cheat Codes X Kris Kross Amsterdam,Sex,content - sexual
2012,Cher Lloyd,Want U Back,content - sexual
2012,Chief Keef,I Don't Like,language
2012,Chief Keef,Love Sosa,language
2018,Childish Gambino,This Is America,violence
2016,Childish Gambino,Redbone,language
2009,Chingy,Right Thurr,language
2011,Chris Brown,Yeah 3x,drinking / drugs / partying
2015,Chris Brown,Zero,drinking / drugs / partying
2016,Chris Brown,Back To Sleep,language
2011,Chris Brown,She Ain't You,content - sexual
2019,Chris Brown,Undecided,drinking / drugs / partying
2020,Chris Brown & Young Thug,Go Crazy,language
2020,Chris Brown Featuring Drake,No Guidance,language
2015,Chris Brown ft Tyga,Ayo,language
2014,Chris Brown ft Usher & Rick Ross,New Flame,language
2011,Chris Brown ft. Lil Wayne and Busta Rhymes,Look At Me Now,language
2014,Chris Brown ft. Nicki Minaj,Love More,language
2015,Chris Brown ft. Tyga and ScHoolboy Q,Bitches and Marijuana,language
2012,Chris Cagle,Let there be Cowgirls,religion
2015,Ciara,I Bet,language
2019,City Girls,Act Up,language
2019,City Girls,Twerk,language
2021,CJ,Whoopty,language
2021,"Clean Bandit, Mabel",Tick Tock (feat. 24kGoldn),content - sexual
2010,Cledus T.Judd,Tiger by the Tail,language
2012,Cledus T.Judd,Double D Cups,content - sexual
2013,Cledus T.Judd,Honeymoon,content - sexual
2020,Code Orange,Let Me In [The Fiend Bray Wyatt],violence
2014,Cody Simpson,Surfboard,content - sexual
2016,Coldplay ft. Beyonce,Hymn For The Weekend,drinking / drugs / partying
2014,Cole Swindell,Chillin' It,drinking / drugs / partying
2021,Conan Gray,Maniac,drinking / drugs / partying
2021,Cordae,Gifted (feat. Roddy Ricch),language
2021,"CORPSE, Savage Ga$p",E-GIRLS ARE RUINING MY LIFE!,language
2016,Craig David ft. Big Narstie,When the bassline drops,drinking / drugs / partying
,"Cult, the",Love Removal Machine,content - sexual
2021,Curtis Waters,Stunnin' (feat. Harm Franklin),language
2016,D.R.A.M. feat. Lil Yachty,Broccoli,language
2021,DaBaby,Ball If I Want To,language
2021,DaBaby,Find My Way,language
2021,DaBaby,Pick Up (feat. Quavo),language
2021,DaBaby,Red Light Green Light,language
2019,DaBaby,Babysitter,language
2019,DaBaby,Bop,language
2019,DaBaby,Suge,language
2019,DaBaby,Vibez,language
2021,DaBaby,Blind (feat. Young Thug),language
2021,DaBaby,Jump (feat. YoungBoy Never Broke Again),language
2021,DaBaby,Blame it on Baby,language
2021,DaBaby,Lightskin sh*t (feat. Future & jetsonmade),language
2021,DaBaby,Rockstar (feat. Roddy Ricch),language
2021,DaBaby,Toes (feat. Lil Baby & Moneybagg Yo),language
2019,Daddy Yankee,Con Calma,content - sexual
2014,Daddy's Cash,This Is My Party,language
2013,Daft Punk feat. Pharrell Williams,Get Lucky,content - sexual
2018,Dan + Shay,Tequila,drinking / drugs / partying
2021,Dave,Verdansk,language
2021,Dave,Clash (feat. Stormzy),language
2011,David Guetta feat. Flo Rida and Nicki Minaj,Where Them Girls At,drinking / drugs / partying
2011,David Guetta ft Rihanna,Who's That Chick,drinking / drugs / partying
2015,"David Guetta ft. Nicki Minaj, Bebe Rexha & Afrojack",Hey Mama,content - sexual
2014,David Nail,Whatever she's Got,content - sexual
2015,Dawin,Dessert,drinking / drugs / partying
2015,Daya,Hide Away,content - sexual
2019,D-Block Europe,Nookie ft. Lil Baby,language
2019,D-Block Europe,Playing for Keeps,language
2021,DDG,Moonwalking in Calabasas (feat. Blueface) - Remix,language
2021,Demi Lovato,Dancing With The Devil Drinking / Drugs / Partying,n/a
2021,Demi Lovato,I Love Me Language,n/a
2014,Demi Lovato,Neon Lights Sexual Content,n/a
2018,Demi Lovato,Tell Me You Love Me Sexual Content,n/a
2016,Demi Lovato,Body Say Sexual Content,n/a
2015,Demi Lovato,Cool for the Summer Sexual Content,n/a
2016,Desiigner,Panda Language,n/a
2016,Desiigner,Tiimmy Turner Language,n/a
2013,Destiny's Child,Nuclear Language,n/a
2011,Dev,In The Dark Sexual Content,n/a
2016,Dev f./Nef The Pharaoh,#1 Language / Content,n/a
2021,dhruv,double take Sexual Content,n/a
2011,Diddy - Dirty Money feat. Skylar Grey,Coming Home Content - sad,n/a
2014,Dierks Bentley,Drunk On a Plane Drinking / Drugs / Partying,n/a
2013,Dierks Bentley,Tip it on Back Drinking / Drugs / Partying,n/a
2019,Dimitri Vegas & Like Mike,Instagram (Bassjackers Remix)  FT. David Guetta & Daddy Yan Language,n/a
2020,Dixie D'Amelio,Be Happy content - Sad,n/a
2013,Dizzee Rascal,bassline Junkie Language,n/a
2018,DJ Khaled,No Brainer Language,n/a
2021,DJ Khaled,Every chance I Get (feat. Lil Baby & Lil Durk) Language,n/a
2021,DJ Khaled,"I Did it (feat. Post Malone, Megan Thee Stallion, Lil BaLan gu age",n/a
2021,DJ Khaled,Let it Go (feat. Justin Bieber & 21 Savage) Language,n/a
2019,DJ Mustard,Pure Water,language
2012,"DJ Scream ft. Future, 2 Chaniz, Gucci Mane",Hoodrich Anthem,language
2019,DJ Snake,Loco Contigo ft. J Balvin & Tyga,drinking / drugs / partying
2019,DJ Snake,Taki Taki,language
2021,DJ Snake,Selfish Love (with Selena Gomez),content - sexual
2016,Dlow,Bet You Can't Do It Like Me,content - sexual
2021,DMX,Ruff Ryders' Anthem,language
2021,DMX,X Gon' Give It To Ya,language
2016,DNCE,Toothbrush,content - sexual
2016,DNCE,Cake By The Ocean,content - sexual
2021,Doja Cat,Say So (feat. Nicki Minaj),language
2019,Doja Cat,Candy,language
2021,Doja Cat,Boss Bitch,language
2021,Doja Cat,I Don't Do Drugs (feat. Ariana Grande),language
2021,Doja Cat,Payday (feat. Young Thug),language
2021,Doja Cat,Streets,language
2021,Doja Cat,Ain't Sh*t,language
2021,Doja Cat,Been Like This,language
2021,Doja Cat,Freak,language
2021,Doja Cat,Get Into It (Yuh),language
2021,Doja Cat,Kiss Me More (feat. SZA),language
2021,Doja Cat,Like That (feat. Gucci Mane),language
2021,Doja Cat,Need To Know,language
2021,Doja Cat,Woman,language
2021,Doja Cat,Naked,content - sexual
2020,Doja Cat & Tyga,Juicy,language
2021,"Doja Cat, The Weeknd",You Right,language
2019,Dominic Fike,3 Nights,language
2021,Don Toliver,After Party,drinking / drugs / partying
2021,Don Toliver,Cardigan,language
2021,Don Toliver,Had Enough (feat. Quavo & Offset),language
2021,Don Toliver,No Idea,language
2021,Don Toliver,What You Need,content - sexual
2015,Dozay,Salsa,language
2011,Dr. Dre feat. Eminem and Skylar Grey,I Need A Doctor,language
2016,Drake,Controlla [ft popcaan],drinking / drugs / partying
2014,Drake,0 to 100 / The Catch Up,language
2015,Drake,Back to Back,language
2017,Drake,Fake Love,language
2018,Drake,God's Plan,language
2011,Drake,Headlines,language
2018,Drake,In My Feelings,language
2019,Drake,Money In The Grave,language
2018,Drake,Nice For What,language
2018,Drake,Nonstop,language
2016,Drake,Right Hand,language
2013,Drake,Started From The Bottom,language
2014,Drake,The Language,language
2021,Drake,When To Say When,language
2021,Drake,Demons (feat. Fivio Foreign & Sosa Geek),language
2021,Drake,Not You Too (feat. Chris Brown),language
2021,Drake,Time Flies,language
2021,Drake,Deep Pockets,language
2021,Drake,Desires (with Future),language
2021,Drake,Landed,language
2021,Drake,Lemon Pepper Freestyle (feat. Rick Ross),language
2021,Drake,Pain 1993 (with Playboi Carti),language
2021,Drake,Wants and Needs (feat. Lil Baby),language
2021,Drake,War,language
2021,Drake,What's Next,language
2021,Drake,Chicago Freestyle (feat. Giveon),language
2021,Drake,From Florida With Love,language
2021,Drake,Losses,language
2015,Drake,Hotline Bling,content - sexual
2018,Drake,I'm Upset,content - sexual
2014,Drake,Worst Behavior,language
2020,Drake,Toosie Slide,language
2016,Drake & Future,Big Rings,language
2016,Drake & Future,Jumpman,language
2016,Drake & Future,Where Ya At,language
2012,Drake feat. Lil Wayne,The Motto,language
2013,Drake feat. Majid Jordan,"Hold On, We're Going Home",language
2012,Drake feat. Rihanna,Take Care,content - sad
2016,Drake feat. Rihanna,Too Good,content - sexual
2016,Drake feat. The Throne,Pop Style,language
2020,Drake Featuring Lil Durk,Laugh Now Cry Later,language
2014,Drake ft. 2 chaniz & Big Sean,All Me,language
2011,Drake ft. Alicia Keys,Un-Thinkable (I'm Ready),language
2021,"Drake, WizKid, Kyla",One Dance,drinking / drugs / partying
2021,Dream,Mask,language
2021,DripReport,Skechers,language
2019,Dua Lipa,Don't Start Now,content - sad
2021,Dua Lipa,We're Good,content - sad
2018,Dua Lipa,New Rules,content - sad
2016,Dua Lipa,Blow Your Mind (Mwah),language
2018,Dua Lipa,IDGAF,language
2021,Dua Lipa,Levitating (feat. DaBaby),language
2021,Dua Lipa,Good In Bed,content - sexual
2021,Dua Lipa,Hallucinate,content - sexual
2021,Dua Lipa,Physical,content - sexual
2021,Eminem,Little Engine Language / Content,n/a
2021,Eminem,Lock It Up (feat. Anderson .Paak) Language / Content,n/a
2021,Eminem,Marsh Language / Content,n/a
2021,Eminem,Never Love Again Language / Content,n/a
2021,Eminem,No Regrets (feat. Don Toliver) Language / Content,n/a
2021,Eminem,Premonition - Intro Language / Content,n/a
2021,Eminem,Stepdad Language / Content,n/a
2021,Eminem,The Real Slim Shady Language / Content,n/a
2021,Eminem,Those Kinda Nights (feat. Ed Sheeran) Language / Content,n/a
2021,Eminem,Unaccommodating (feat. Young M.A) Language / Content,n/a
2021,Eminem,"Yah Yah (feat. Royce Da 5'9"", Black Thought, Q-Tip & Language / Content",n/a
2021,Eminem,"You Gon' Learn (feat. Royce Da 5'9"" & White Gold) Language / Content",n/a
2021,Eminem,In Too Deep Sexual Content,n/a
2021,Eminem,Alfred - Interlude Violence,n/a
2020,Eminem Featuring Juice WRLD,Godzilla Language / Content,n/a
2014,Eminem ft. Rihanna,The Monster Language / Content,n/a
2015,"Empire Cast, Jussie Smollett & Pitbull",No Doubt About It Drinking / Drugs / Partying,n/a
2014,Enrique Iglesias,Bailando Drinking / Drugs / Partying,n/a
2011,Enrique Iglesias feat. Ludacris and DJ Frank E,Tonight (I'm Lovin' You) Sexual Content,n/a
2014,Enrique Iglesias ft. Pitbull,I'm a Freak Language / Content,n/a
2011,Enrique Iglesias ft. Usher & Lil Wayne,Dirty Dancer Sexual Content,n/a
2014,Eric Church,Cold One Drinking / Drugs / Partying,n/a
2012,Eric Church,Drink in my Hand Drinking / Drugs / Partying,n/a
2010,Eric Church,Smoke a little smoke Drinking / Drugs / Partying,n/a
2019,EXCE$$,Bustdown Language,n/a
2011,Far East Movement feat. Cataracs and Dev,Like A G6 Drinking / Drugs / Partying,n/a
2019,Fergie,A Little Party Never Killed Nobody,drinking / drugs / partying
2014,Fergie,L.A. Love (La La),language
2015,Fetty Wap,Free Gucci,language
2016,Fetty Wap,Again,language
2015,Fetty Wap,Trap Queen,language
2016,Fetty Wap feat. Remy Boyz,679,language
2015,Fetty Wap ft. Monty,My Way,language
2014,Fifth Harmony,Bo$$,language
2016,Fifth Harmony feat. Fetty Wap,All In My Head (Flex),content - sexual
2016,Fifth Harmony feat. Ty Dolla $ign,Work From Home,content - sexual
2019,FILV & Edmofo feat. Emma Peters,Clandestina,drinking / drugs / partying
2020,Finese 2Tymes,Goin Straight In,language
2015,Five Finger Death Punch,Wrong Side of Heaven,religion
2019,"Flipp Dinero, Young Forever & Cast Beats",Leave me Alone,language
2014,Flo Rida,How I Feel,drinking / drugs / partying
2012,Flo Rida,Whistle,content - sexual
2012,Flo Rida,I Cry,violence
2012,Flo Rida,Wild Ones (feat. Sia),language
2015,Flo Rida f./Robin Thicke & Verdine White,"I Don't Like It, I Love It",content - sexual
2015,Flo Rida f./Sage The Gemini,GDFR (Goin' Down For Real),content - sexual
2016,Flo Rida ft Jason Derulo,Hello Friday,drinking / drugs / partying
2014,Florida Georgia Line,Stay,content - sad
2016,Florida Georgia Line,Confession,content - sad
2015,Florida Georgia Line,Sun Daze,drinking / drugs / partying
2013,Florida Georgia Line,Get Your Shine On,content - sexual
2013,Florida Georgia Line feat. Nelly,Cruise,content - sexual
2014,Florida Georgia Line Ft Luke Bryan,This Is How We Roll,drinking / drugs / partying
2016,Flume f./Tove Lo,Say It,drinking / drugs / partying
2016,Flume feat. Kai,Never Be Like You,language
2015,Foo Fighters,Something from Nothing,language
2011,Foster The People,Pumped Up Kicks,violence
2021,Foushee,Deep End,language
,Frankie Goes To Hollywood,Relax,content - sexual
2011,FreeSol ft. Justin Timberlake,Fascinated,content - sexual
2019,French Montana,Writing On The Wall  ft. Post Malone & Cardi B,language
2019,French Montana,No Stylist,language
2019,Freya Ridings,Castles,content - sad
2013,fun.,Some Nights,language
2012,fun. feat. Janelle Monae,We Are Young,drinking / drugs / partying
2014,Fuse ODG,Million Pound Girl,content - sexual
2015,Future,F*ck Up Some Commas,language
2012,Future,Neva End,language
2019,Future,Promise U That,language
2012,Future,Same Damn Time,language
2016,Future,Wicked,language
2019,Future,Jumpin on a Jet,language
2019,Future,Faceshot,language
2021,Future,All Bad (feat. Lil Uzi Vert),language
2021,Future,Solitaires (feat. Travis Scott),language
2021,Future,Trillionaire (feat. Youngboy Never Broke Again),language
2019,Future,Fine China,violence
2019,Future,Crushed Up,language
2019,Future,First Off,language
2016,Future feat. The Weeknd,Low Life,language
2020,Future Featuring Drake,Life Is Good,language
2014,Future ft. Kanye West,I won,language
2014,"Future ft. Pharrell, Pusha T & Casino",Move that Dope,language
2021,"Future, Drake, Young Thug",D4L,language
2021,"Future, Lil Uzi Vert",Drankin N Smokin,language
2021,"Future, Lil Uzi Vert",Over Your Head,language
2021,"Future, Lil Uzi Vert",Stripes Like Burberry,language
2021,"Future, Lil Uzi Vert",That's It,language
2018,G-Eazy,Him & I,language
2018,G-Eazy,No Limit,language
2021,G-Eazy,Hate The Way (feat. blackbear),language
2021,G-Eazy,Still Be Friends (feat. Tory Lanez & Tyga),language
2016,G-Eazy f./Marc E. Bassy,Some Kind Of Drug,language
2015,G-Eazy ft. Remo,I Mean It,language
2016,G-Eazy X Bebe Rexha,"Me, Myself & I",language
2019,"Gesaffelstein, The Weeknd",Lost in the Fire,language
2019,Ghoss,Cut Up,language
2014,Gipp Fe. Cee Lo Green,Shine Like Gold,content - sexual
2016,gnash feat. Olivia O'Brien,I Hate U I Love U,content - sexual
2021,Go_A,SHUM,drinking / drugs / partying
2016,Good Charlotte,Life Can't Get Much Better,content - sad
2012,Gucci Mane,Bussin Juugs,language
2011,Gucci Mane,Gucci Time,language
2011,Gucci Mane,Lemonade,language
2019,Gucci Mane,Wake Up in the Sky,language
2018,Gucci Mane feat. Migos,I Get The Bag,language
2021,Gunna,SKYBOX,drinking / drugs / partying
2021,Gunna,COOLER THAN A BITCH (feat. Roddy Ricch),language
2021,Gunna,DOLLAZ ON MY HEAD (feat. Young Thug),language
2021,Gunna,TOP FLOOR (feat. Travis Scott),language
2021,Gunna,WUNNA,language
2015,Gwen Stefani,Spark The Fire,content - sexual
2021,Gym Class Heroes,Cupid's Chokehold / Breakfast in America,content - sexual
2012,Gym Class Heroes feat. Adam Levine,Stereo Hearts,language
2012,Gym Class Heroes feat. Neon Hitch,Ass Back Home,language
2021,Gzuz,Donuts,language
2020,H.E.R. Featuring YG,Slide,language
2016,Hailee Steinfeld and Grey feat. Zedd,Starving,content - sexual
2019,Halsey,Graveyard,content - sad
2018,Halsey,Bad At Love,content - sad
2016,Halsey,Colors,drinking / drugs / partying
2015,Halsey,New Americana,drinking / drugs / partying
2019,Halsey,Without Me,language
2020,Halsey,You Should Be Sad,language
2021,Harry Styles,Golden,content - sad
2020,Harry Styles,Adore You,content - sexual
2020,Harry Styles,Watermelon Sugar,content - sexual
2019,Havana,I Lost You ft. Yaar [Arabic/English],content - sad
2012,Havana Brown,We Run the Night (feat. Pitbull),language
2021,Headie One,Ain't It Different (feat. AJ Tracey & Stormzy),language
2019,"Headie One, Dave",18Hunna,language
2021,"Headie One, Drake",Only You Freestyle,language
2016,Hey Violet,Guys My Age,content - sexual
2014,Hilary Duff,All About You,content - sexual
2021,Hippie Sabotage,Devil Eyes,content - sensitive topic
2014,Hoodie Allen ft Ed Sheeran,All About It,language
2013,Hot Chelle Rae,Hung Up,content - sad
2011,Hot Chelle Rae,I Like it Like That,drinking / drugs / partying
2011,Hot Chelle Rae,Tonight Tonight,drinking / drugs / partying
2014,Hot Chelle Rae,Don't Say Goodnight,drinking / drugs / partying
2009,Huey,Pop Lock and Drop It,content - sexual
2014,Hunter Hayes,Tattoo,content - sexual
2021,HVME,Goosebumps,language
2014,I Love Makonnen ft Drake,Tuesday,language
2021,iann dior,Prospect (ft. Lil Baby),language
2014,Icona Pop,Just another Night,drinking / drugs / partying
2015,Icona Pop,Emergency,language
2013,Icona Pop feat. Charli XCX,I Love It,language
2014,Iggy Azalea,Fancy (feat. Charli XCX),language
2016,Iggy Azalea,Team,language
2015,Iggy Azalea & Britney Spears,Pretty Girls,drinking / drugs / partying
2014,Iggy Azalea Ft Rita Ora,Black Widow,language
2015,Iggy Azalea ft. Jennifer Hudson,Trouble,language
2014,Iggy Azalea ft. MO,Beg For It,content - sexual
2019,Ilkay Sencan,Do It,content - sexual
2021,Internet Money,"His & Hers (feat. Don Toliver, Lil Uzi Vert & Gunna)",language
2021,"Internet Money, Diplo",Blastoff (feat. Juice Wrld & Trippie Redd),language
2021,"Internet Money, Gunna, Don Toliver, NAV",Lemonade,language
2019,Isabela Meced,Papi,content - sexual
2014,Itch,Another Man,content - sad
2021,IU,eight (Prod.& Feat. SUGA of BTS),content - sad
2021,J. Cole,9 5 . s o u t h,language
2015,J. Cole,Apparently,language
2016,J. Cole,No Role Modelz,language
2012,J. Cole,Work Out,language
2021,J. Cole,1 0 0 . m i l  (with Bas),language
2021,J. Cole,i n t e r l u d e,language
2021,J. Cole,a m a r i,language
2021,J. Cole,a p p l y i n g . p r e s s u r e,language
2021,J. Cole,c l o s e,language
2021,J. Cole,h u n g e r . o n . h i l l s i d e (with Bas),language
2021,J. Cole,l e t . g o . m y . h a n d (with Bas & 6LACK),language
2021,J. Cole,Lion King On Ice,language
2021,J. Cole,m y . l i f e (with 21 Savage & Morray),language
2021,J. Cole,MIDDLE CHILD,language
2021,J. Cole,p r i d e . i s . t h e . d e v i l (with Lil Baby),language
2014,Jason Derulo,Trumpets,content - sexual
2016,Jason Derulo,Want to Want Me,content - sexual
2014,Jason Derulo ft. 2 Chainz,Talk Dirty,content - sexual
2014,Jason Derulo ft. Snoop Dogg,Wiggle,content - sexual
2021,"Jason Derulo, Maroon 5",Lifestyle (feat. Adam Levine),language
2020,Jawsh 685 x Jason Derulo,Savage Love (Laxed - Siren Beat),language
2017,Jax Jones,You Don't Know,language
2019,Jax Jones feat. Bebe Rexha,Harder,content - sexual
2018,Jay Rock,King's Dead,language
2011,Jay Sean ft. Lil Wayne,Hit the Lights,language
2011,Jay Z and Kanye West,H.A.M.,language
2012,Jay Z and Kanye West,Ni**as In Paris,language
2011,Jay Z and Kanye West,Otis,language
2011,Jay Z and Kanye West ft Mr Hudson,Why I love you So,language
2013,Jay Z feat. Justin Timberlake,Holy Grail,language
2010,Jay z ft. Rihanna & Kanye West,Run this Town,language
2016,Jennifer Lopez,Ain't Your Mama,content - sexual
2011,Jennifer Lopez feat. Pitbull,On The Floor,language
2011,Jennifer Lopez feat. Pitbull,Fresh Out the Oven,content - sexual
2011,Jennifer Lopez ft. Lil Wayne,I'm Into You,content - sexual
2016,Jeremih,Oui,language
2011,Jeremih feat. 50 Cent,Down On Me,content - sexual
2014,Jeremih Feat. YG,Don't Tell 'Em,language
2014,Jerrod Niemann,Drink to that all Night,drinking / drugs / partying
2014,Jerrod Niemann,Donkey,content - sexual
2014,Jesse McCartney,Superbad,content - sexual
2015,Jessie J,Masterpiece,language
2013,Jessie J,It's My Party,language
2012,Jessie J,Domino,content - sexual
2015,Jessie J feat. 2 Chainz,Burnin' Up,content - sexual
2011,Jessie J feat. B.O.B,Price Tag,language
2013,Jessie J ft. Big Sean,Wild,language
2014,"Jessie J, Ariana Grande & Nicki Minaj",Bang Bang,content - sexual
2021,Jhené Aiko,B.S. (feat. H.E.R.),language
2020,Jhene Aiko,P*$$y Fairy (OTW),language
2015,Jidenna ft. Roman Gian Arthur,Classic Man,language
2015,Jimi Jiles & DJ Ricky Ricardo f./Blackout,Turn Up Or Nah,language
2011,Joe Jonas ft. Lil Wayne,Just in Love,content - sad
2016,John Legend,Love Me Now (Radio Edit),content - sad
1978,John Travolta & Olivia Newton-John,The Grease MegaMix,content - sexual
2021,Joji,Tick Tock,content - sad
2019,Joji,Slow Dancing in the Dark,language
2021,Joji,Your Man,language
2021,Joji,Pretty Boy (feat. Lil Yachty),language
2021,"Joji, Diplo",Daylight,language
2016,JoJo ft Wiz Khalifa,No Apologies,language
2016,Jon Bellion,All Time Low,language
2013,Jon Pardi,Up All Night,content - sexual
2021,Jonas Brothers,Sucker,content - sexual
2021,Jonas Brothers,X (with KAROL G),content - sexual
2020,Jonas Brothers,Only Human,drinking / drugs / partying
2013,Jonn Hart ft. IamSU,Who Booty,language
2019,Jordan Davis,Take It From Me,content - sexual
2019,Jorja Smith,Be Honest ft. Burna Boy,content - sexual
2021,"Joyner Lucas, Lil Baby",Ramen & OJ,language
2021,Juice WRLD,Bad Energy,drinking / drugs / partying
2021,Juice WRLD,Righteous,drinking / drugs / partying
2021,Juice WRLD,Anxiety - Intro,language
2019,Juice WRLD,Armed And Dangerous,language
2019,Juice WRLD,Bandit (with YoungBoy Never Broke Again),language
2019,Juice WRLD,Black & White,language
2019,Juice WRLD,Fast,language
2019,Juice WRLD,Let Me Know (I Wonder Why Freestyle),language
2019,Juice WRLD,Robbery,language
2021,Juice WRLD,Real Sh*t (with benny blanco),language
2021,Juice WRLD,"The Man, The Myth, The Legend - Interlude",language
2019,Juice WRLD,Empty,language
2019,Juice WRLD,Hear Me Calling,language
2019,Juice WRLD,Lean Wit Me,language
2019,Juice WRLD,Legends,language
2019,Juice WRLD,Lucid Dreams,language
2019,Juice WRLD,Wasted (feat. Lil Uzi Vert),language
2021,Juice WRLD,734,language
2021,Juice WRLD,All Girls Are The Same,language
2021,Juice WRLD,Bad Boy (with Young Thug),language
2021,Juice WRLD,Blood On My Jeans,language
2021,Juice WRLD,Can't Die,language
2021,Juice WRLD,Conversations,language
2021,Juice WRLD,Fighting Demons,language
2021,Juice WRLD,I Want It,language
2021,Juice WRLD,Life's A Mess (feat. Halsey),language
2021,Juice WRLD,Life's A Mess II (with Clever & Post Malone),language
2021,Juice WRLD,Man Of The Year,language
2021,Juice WRLD,Screw Juice,language
2021,Juice WRLD,Smile (with The Weeknd),language
2021,Juice WRLD,Stay High,language
2021,Juice WRLD,Tell Me U Luv Me (with Trippie Redd),language
2021,Juice WRLD,Titanic,language
2021,Juice WRLD,Up Up And Away,language
2021,Juice WRLD,Wishing Well,language
2021,K CAMP,Lottery (Renegade),language
2019,DJ Khaled,Saturday Night,drinking / drugs / partying
2015,Kalin & Myles,Trampoline,content - sexual
2014,Kalin and Myles,Love Robbery,violence
2019,Kane Brown,Good as You,language
2020,Kane Brown ft. Lauren Alaina,What If,content - sexual
2020,Kane Brown With Swae Lee & Khalid,Be Like That,language
2021,"Kane Brown, blackbear",Memory,language
2013,Kanye West,Black Skinhead,language
2013,Kanye West,New Slaves,language
2012,Kanye West & Pusha T,New God Flow,language
2016,Kanye West f./Ty Dolla $ign & Post Malone,Fade,language
2011,Kanye West ft. DJ Khaled,Cold,language
2010,Kanye West Ft. Dwele,Power,language
2010,Kanye West ft. Mr Hudson,Paranoid,language
2011,Kanye West Ft. Raekwon & Justin Bieber,Runaway,language
2010,"Kanye West Ft. Rick Ross, JayZ, Bon Iver & Nicki Minaj",Monster,language
2016,Kanye West ft. Rihanna & Swiss Beatz,Famous,language
2011,"Kanye West Ft. Rihanna, Alicia Keys",All Of The Lights,language
2012,"Kanye West, Big Sean, Pusha T, 2 Chainz",Mercy,language
2012,"Kanye West, Jay-Z, Big Sean",Clique,language
2021,"Kanye West, Travis Scott",Wash Us In The Blood,language
2014,Karmin,Brokenhearted,content - sad
2020,Karol G & Nicki Minaj,Tusa,content - sexual
2014,Kat Dahlia,Crazy,language
2021,Katy Perry,Daisies,content - sad
2021,Katy Perry,Cry About It Later,drinking / drugs / partying
2011,Katy Perry,Last Friday Night (T.G.I.F.),drinking / drugs / partying
2012,Katy Perry,The One That Got Away,drinking / drugs / partying
2014,Katy Perry,This Is How We Do,drinking / drugs / partying
2020,Katy Perry,Only Love,language
2011,Katy Perry,Teenage Dream,content - sexual
2014,Katy Perry,Birthday,content - sexual
2011,Katy Perry feat. Kanye West,E.T.,content - sexual
2014,Katy Perry ft. Juicy J,Dark Horse,violence
2010,Katy Perry ft. Snoop Dogg,California Gurls,content - sexual
2013,Katy Tiz,Red Cup,drinking / drugs / partying
2012,Katy Tiz,Famous,language
2012,Ke$ha,Blow,drinking / drugs / partying
2011,Ke$ha,C'mon,drinking / drugs / partying
2011,Ke$ha,TiK ToK,drinking / drugs / partying
2011,Ke$Ha,We R Who We R,drinking / drugs / partying
2012,Ke$ha,Die Young,content - sexual
2010,Ke$ha ft. 3OH3,Blah Blah Blah,language
2015,Keep Your Money,Jussie Smollett,violence
2015,Kehlani,FWU,language
2021,Kehlani,Can I,language
2019,Kehlani feat. Ty Dolla $ign,Nights Like This,content - sad
2012,Kelly Rowland ft. Lil Wayne,Ice,language
2016,Kelsea Ballerini,Dibs,content - sexual
2018,Kendrick Lamar,All The Stars,language
2014,Kendrick Lamar,I,language
2013,Kendrick Lamar,Swimming Pools (Drank),language
2020,Kendrick Lamar,"Sing About Me, I'm Dying of Thirst",language
2012,Kendrick Lamar Ft. Dr Dre,The Recipe,language
2011,Kendrick Lamar Ft. Drake,Poetic Justice,language
2021,"Kendrick Lamar, Jay Rock",Money Trees,language
2014,Kenny Chesney,American Kid,drinking / drugs / partying
2012,Kenny Chesney & Tim McGraw,Feel like a Rock Star,drinking / drugs / partying
2011,Kenny Chesney feat. Grace Potter,You And Tequila,drinking / drugs / partying
2021,Lauv,Modern Loneliness,language
2021,Lauv,I Like Me Better,content - sexual
2021,"Lauv, Conan Gray",Fake,language
2021,"Lauv, LANY",Mean It,content - sexual
2021,"Lauv, Troye Sivan",i'm so tired...,drinking / drugs / partying
2020,Lee Brice,One Of Them Girls,content - sexual
2019,Liam Payne,Stack it Up t. A Boogie wit da Hoodie,language
2019,Lil Baby,Close Friends,language
2018,Lil Baby,Yes Indeed,language
2019,Lil Baby,Pure Cocaine,language
2021,Lil Baby,Commercial (feat. Lil Uzi Vert),language
2021,Lil Baby,Errbody,language
2021,Lil Baby,Heatin Up (feat. Gunna),language
2021,Lil Baby,Live Off My Closet (feat. Future),language
2021,Lil Baby,Real As It Gets (feat. EST Gee),language
2019,Lil Baby,Drip Too Hard,language
2020,Lil Baby,Emotionally Scarred,language
2020,Lil Baby,Sum 2 Prove,language
2020,Lil Baby,The Bigger Picture,language
2020,Lil Baby,Woah,language
2020,Lil Baby & 42 Dugg,We Paid,language
2021,"Lil Baby, Lil Durk",Hats Off (feat. Travis Scott),language
2021,"Lil Baby, Lil Durk",Voice of the Heroes,language
2018,Lil Dicky,Freaky Friday (feat. Chris Brown),language
2016,Lil Dicky feat. Fetty Wap & Rich Homie Quan,$ave Dat Money,language
2014,Lil Jon Fe. Tyga,Bend Ova,language
2010,Lil Jon ft. LMFAO,Drink,language
2021,Lil Mosey,Stuck In A Dream (feat. Gunna),language
2020,Lil Mosey,Blueberry Faygo,language
2020,Lil Nas X,old town road [ft Billy Ray Cyrus],language
2021,Lil Nas X,INDUSTRY BABY (feat. Jack Harlow),language
2020,Lil Nas X,Holiday,language
2021,Lil Nas X,Montero (Call Me By Your Name),language
2021,Lil Nas X,Sun goes Down,language
2021,Lil Peep,Star Shopping,language
2018,Lil Pump,Gucci Gang,language
2019,Lil Pump,Butterfly Doors,language
2019,Lil Skies,Real Ties,language
2019,Lil Tecca,Ransom,language
2021,Lil Tecca,Dolly (with Lil Uzi Vert),language
2021,Lil Tecca,NEVER LEFT,language
2021,Lil Tjay,Headshot (feat. Polo G & Fivio Foreign),language
2021,Lil Tjay,Run It Up (feat. Offset & Moneybagg Yo),language
2021,Lil Tjay,Zoo York (feat. Fivio Foreign & Pop Smoke),language
2021,"Lil Tjay, 6LACK",Calling My Phone,language
2021,Lil Uzi Vert,Baby Pluto,language
2021,Lil Uzi Vert,Bean (Kobe) [feat. Chief Keef],language
2021,Lil Uzi Vert,Bigger Than Life,language
2021,Lil Uzi Vert,Bust Me,language
2021,Lil Uzi Vert,Celebration Station,language
2021,Lil Uzi Vert,Chrome Heart Tags,language
2021,Lil Uzi Vert,Futsal Shuffle 2020,language
2021,Lil Uzi Vert,Got The Guap (feat. Young Thug),language
2021,Lil Uzi Vert,Homecoming,language
2021,Lil Uzi Vert,I Can Show You,language
2021,Lil Uzi Vert,I'm Sorry,language
2021,Lil Uzi Vert,Leaders (feat. NAV),language
2021,Lil Uzi Vert,Lo Mein,language
2021,Lil Uzi Vert,Lotus,language
2021,Lil Uzi Vert,Moon Relate,language
2012,Luke Bryan,Drunk On You,drinking / drugs / partying
2011,Luke Bryan,Country Girl (Shake It For Me),content - sexual
2019,Luke Bryan,Knockin' Boots,content - sexual
2013,Luke Bryan,That's My Kind Of Night,content - sexual
2019,Luke Bryan,What Makes you Country,violence
2020,Luke Bryan,One Margarita,drinking / drugs / partying
2016,Luke Bryan feat. Karen Fairchild,Home Alone Tonight,drinking / drugs / partying
2020,Luke Combs,Lovin' On You,drinking / drugs / partying
2019,Luke Combs,Beer Never Broke My Heart,drinking / drugs / partying
2020,Luke Combs,Even Though I'm Leaving,religion
2020,Luke Combs Featuring Eric Church,Does To Me,drinking / drugs / partying
2015,LunchMoney Lewis,Bills,language
2012,Lupe Fiasco,Bitch Bad,language
2011,Lupe Fiasco,The Show Goes On,language
2012,Lupe Fiasco,Around My Way,language
2012,Lupe Fiasco & Guy Sebastian,Battle Scars,content - sad
2013,Lupe Fiasco ft. Ed Sheeran,Old School Love,language
2011,Lupe fiasco ft. Patrick Stump,This City,drinking / drugs / partying
2021,Mabel,Don't Call Me Up,language
2021,Mac Miller,That's On Me,content - sad
2021,Mac Miller,Woods,content - sad
2021,Mac Miller,Good News,drinking / drugs / partying
2021,Mac Miller,Once A Day,drinking / drugs / partying
2021,Mac Miller,Blue World,language
2021,Mac Miller,Complicated,language
2021,Mac Miller,Everybody,language
2021,Mac Miller,Hands,language
2021,Mac Miller,Surf,language
2021,Mac Miller,Hand Me Downs,language
2021,Mac Miller,I Can See,religion
2013,Mariah Carey feat. Miguel,#Beautiful,language
2011,Mariah Carey ft. Nicki Minaj,Up Out my Face,language
2021,MARINA,Bubblegum Bitch,language
2020,Mario Judah,Die Very Rough,language
2015,Mark Ronson f./Mystikal,Feel Right,language
2015,Mark Ronson ft. Bruno Mars,Uptown Funk,language
2013,Maroon 5,Love Somebody,drinking / drugs / partying
2015,Maroon 5,This Summer's Gonna Hurt,language
2015,Maroon 5,Sugar,language
2021,Maroon 5,Beautiful Mistakes (feat. Megan Thee Stallion),content - sexual
2021,Maroon 5,Nobody's Love,content - sexual
2015,Maroon 5,Animals,content - sexual
2013,Maroon 5,One More Night,content - sexual
2020,Maroon 5,Memories,drinking / drugs / partying
2016,Maroon 5 f./Kendrick Lamar,Don't Wanna Know,content - sexual
2011,Maroon 5 feat. Christina Aguilera,Moves Like Jagger,content - sexual
2012,Maroon 5 feat. Wiz Khalifa,Payphone,language
2020,Maroon 5 ft. Cardi B,Girls Like You,language
2021,Marshmello,Be Kind (with Halsey),content - sad
2018,Marshmello,Friends,content - sad
2021,"Marshmello, Demi Lovato",OK Not To Be OK,content - sad
2021,Martin Garrix,Drown (feat. Clinton Kane),content - sad
2019,Martin Garrix,Used To Love (with Dean Lewis),content - sad
2014,Martin Garrix,Animals,language
2021,Martin Garrix,Pressure (feat. Tove Lo),content - sexual
2012,Mary J. Blige ft. Rick Ross,Why,language
2014,Mary Lambert Ft  B O B,Secrets,language
2021,Masked Wolf,Astronaut In The Ocean,language
2021,MAX,Blueberry Eyes (feat. SUGA of BTS),content - sexual
2018,MAX,Lights Down Low,content - sexual
2015,Max f./Hoodie Allen,Gibberish,language
2021,MEDUZA,Paradise (feat. Dermot Kennedy),content - sad
2021,"MEDUZA, Becky Hill, Goodboys",Lose Control,content - sad
2021,"MEDUZA, Goodboys",Piece Of Your Heart,content - sexual
2021,Meek Mill,Going Bad (feat. Drake),language
2015,Meek Mill ft. Chris Brown & Nicki Minaj,All eyes on You,language
2021,Megan Thee Stallion,B.I.T.C.H.,language
2019,Megan Thee Stallion,Hot Girl Summer ft. Nicki Minaj & Ty Dolla $ign,language
2021,Megan Thee Stallion,Cry Baby (feat. DaBaby),language
2021,Megan Thee Stallion,Diamonds (with Normani),language
2021,Megan Thee Stallion,Girls in the Hood,language
2021,Megan Thee Stallion,Thot Sh*t,language
2019,Megan Thee Stallion,Cash Sh*t ft. DaBaby,language
2020,Megan Thee Stallion,Savage,language
2015,Meghan Trainor,All about that Bass,language
2015,Meghan Trainor,Dear Future Husband,content - sexual
2016,Meghan Trainor,No,content - sexual
2015,Melanie Marinez,Dollhouse,drinking / drugs / partying
2021,Melanie Martinez,Play Date,language
2019,Metro Boomin,Space Cadet,language
2018,Migos,Stir Fry,language
2018,Migos,Walk It Talk It,language
2021,Migos,Avalanche,language
2021,Migos,Having Our Way (feat. Drake),language
2021,Migos,Malibu (feat. Polo G),language
2021,Migos,Modern Day,language
2021,Migos,Racks 2 Skinny,language
2021,Migos,Straightenin,language
2017,Migos f/ Lil Uzi Vert,Bad and Boujee,language
2021,"Migos, Travis Scott, Young Thug",Give No Fxk,language
2011,Miguel,Sure Thing,drinking / drugs / partying
2018,Miguel,Sky Walker,language
2012,Miguel,Adorn,content - sexual
2011,Mike Posner,Please Don't Go,content - sad
2016,Mike Posner,I took a Pill in Ibiza,language
2011,Mike Posner ft. Lil Wayne,Bow chicka Wow Wow,content - sexual
2014,"Mike Will Made it ft. Miley Cyrus, Wiz Khalifa & Juicy J",23,language
2013,Miley Cyrus,Wrecking Ball,content - sad
2013,Miley Cyrus,We Can't Stop,language
2021,Miley Cyrus,Prisoner (feat. Dua Lipa),content - sexual
2021,Miley Cyrus,Midnight Sky,content - sexual
2015,Milky Chance,Stolen Dance,drinking / drugs / partying
2013,Miranda Lambert,Mama's Broken Heart,content - sad
2014,Miranda Lambert,Somethin' Bad,drinking / drugs / partying
2016,Missy Elliott feat. Pharrell Williams,Wtf (Where They From),language
2015,Mizgin,If I Said I'm In Love (Suicide),content - sad
2015,MKTO,Bad Girls,content - sexual
2015,Modest Mouse,Lampshades On Fire,drinking / drugs / partying
2021,Money Man,24 (feat. Lil Baby),language
2020,Moneybagg Yo,Said Sum,language
2021,Morgan Wallen,7 Summers,drinking / drugs / partying
2021,Morgan Wallen,Wasted On You,drinking / drugs / partying
2021,Morgan Wallen,865,drinking / drugs / partying
2019,Morgan Wallen,Whiskey Glasses,drinking / drugs / partying
2020,Morgan Wallen,More Than My Hometown,drinking / drugs / partying
2021,Mother Mother,Hayloft,violence
2020,Mustard & Roddy Ricch,Ballin',language
2014,My Crazy Girlfriend,Crazy Stupid Love,language
2018,N.E.R.D.,Lemon,language
2015,Nathan Sykes,Kiss Me Quick,content - sexual
2016,Nathaniel Rateliff and the Night Sweats,SOB,language
2021,NAV,Turks (with Gunna & ft. Travis Scott),language
2016,Neikid,Sexual,language
2011,Nelly,Just A Dream,content - sad
2016,Nelly,Die a Happy Man,drinking / drugs / partying
2013,Nelly,Hey Porsche,content - sexual
2015,Nelly & Jeremih,The Fix,content - sexual
2011,Nelly ft. T-Pain & Akon,Move That Body,content - sexual
2021,"Nelly Furtado, Timbaland",Promiscuous,content - sexual
2014,Neon Jungle,Braveheart,language
2012,Neon Trees,Everybody Talks,drinking / drugs / partying
2011,Neon Trees,Animal,content - sexual
2014,Neon Trees,Sleeping with a Friend,content - sexual
2010,New Boys ft. Lyaz,Break my Bank,language
2011,New Boyz feat. The Cataracs and Dev,Backseat,language
2010,New Boyz ft. Ray J,Tie Me Down,language
2016,New District,Closer,content - sexual
2015,Ne-Yo ft. Juicy J,She Knows,language
2018,NF,Let You Down,drinking / drugs / partying
2019,NF,Time (Extended),drinking / drugs / partying
2021,NF,Clouds,language
2021,"NF, Hopsin",Lost,language
2021,Niall Horan,No Judgement,drinking / drugs / partying
2019,Niall Horan,Nice To Meet Ya,drinking / drugs / partying
2020,"Nick Cannon ft. Suge Knight, hitman holla",The Invitation,language
2016,Nick Fradiani,All On You,drinking / drugs / partying
2016,Nick Fradiani,Get You Home,content - sexual
2014,Nick Jonas,Jealous,language
2016,Nick Jonas ft. Ty Dolla $ign,Bacon,language
2005,Nickelback,Photograph,content - sad
2009,Nickelback Burn it to the Ground,,drinking / drugs / partying
2009,Nickelback Rockstar,,drinking / drugs / partying
2010,Nickelback This Afternoon,,drinking / drugs / partying
2014,Nickelback Edge of a Revolution,,language
2014,Nickelback What Are You Waiting For?,,language
2015,Nicki Minaj The Night Is Still Young,,drinking / drugs / partying
2011,Nicki Minaj Did it on Em,,language
2019,Nicki Minaj Good Form,,language
2014,Nicki Minaj Pills N Potions,,language
2012,Nicki Minaj Pound The Alarm,,language
2012,Nicki Minaj Starships,,language
2011,Nicki Minaj Super Bass,,language
2010,Nicki Minaj Your Love,,language
2021,Nicki Minaj Seeing Green (with Drake & Lil Wayne),,language
2021,Nicki Minaj Yikes,,language
2012,Nicki Minaj Va Va Voom,,content - sexual
2014,Nicki Minaj Anaconda [Clean Edit],,content - sexual
2015,Nicki Minaj f./Skylar Grey Bed Of Lies,,language
2011,Nicki Minaj feat. Drake Moment 4 Life,,language
2015,Nicki Minaj ft Beyonce Feeling Myself,,language
2015,Nicki Minaj ft. Drake & Lil Wayne Truffle Butter,,language
2015,"Nicki Minaj ft. Drake, Lil Wayne & Chris BrownOnly",,language
Year,Artist Song Title,,n/a
2009,Nickelback Burn it to the Ground,,drinking / drugs / partying
2009,Nickelback Rockstar,,drinking / drugs / partying
2010,Nickelback This Afternoon,,drinking / drugs / partying
2014,Nickelback Edge of a Revolution,,language
2014,Nickelback What Are You Waiting For?,,language
2015,Nicki Minaj The Night Is Still Young,,drinking / drugs / partying
2011,Nicki Minaj Did it on Em,,language
2019,Nicki Minaj Good Form,,language
2014,Nicki Minaj Pills N Potions,,language
2012,Nicki Minaj Pound The Alarm,,language
2012,Nicki Minaj Starships,,language
2011,Nicki Minaj Super Bass,,language
2010,Nicki Minaj Your Love,,language
2021,Nicki Minaj Seeing Green (with Drake & Lil Wayne),,language
2021,Nicki Minaj Yikes,,language
2012,Nicki Minaj Va Va Voom,,content - sexual
2014,Nicki Minaj Anaconda [Clean Edit],,content - sexual
2015,Nicki Minaj f./Skylar Grey Bed Of Lies,,language
2011,Nicki Minaj feat. Drake Moment 4 Life,,language
2015,Nicki Minaj ft Beyonce Feeling Myself,,language
2015,Nicki Minaj ft. Drake & Lil Wayne Truffle Butter,,language
2015,"Nicki Minaj ft. Drake, Lil Wayne & Chris BrownOnly",,language
2010,Nicki Minaj ft. Lil Wayne I Get Crazy,,language
2013,Nicki Minaj ft. Lil Wayne High School,,language
2011,Nicki Minaj ft. Lil Wayne Roman's Revenge,,language
2011,Nicki Minaj ft. Rihanna Fly,,language
2010,Nicki Minaj ft. Will I Am Check it Out,,language
2019,Nicky Jam Whine Up,,content - sexual
2015,Nicky Jam & Enrique Iglesias El Perdon (Forgiveness),,content - sad
2019,NLE Choppa Camelot,,language
2019,NLE Choppa,Shotta Flow,language
2021,NLE Choppa,Narrow Road (feat. Lil Baby),language
2020,NLE Choppa Featuring Roddy Ricch,Walk Em Down,language
2021,Normani,Wild Side (feat. Cardi B),language
2019,Normani,Motivation,content - sexual
2015,Nova Rockafeller,Made In Gold,language
2019,"Nsg, Tion Wayne",Options,language
2015,O.T. Genasis,Coco,language
2016,O.T. Genasis feat. Young Dolph,Cut It,language
2019,Offset,Clout,language
2018,Offset,Ric Flair Drip,language
2014,Oh Honey,Be Okay,religion
2015,OK GO!,You’re a F%$&king Nerd,language
2021,Olivia Rodrigo,deja vu,content - sad
2021,Olivia Rodrigo,enough for you,content - sad
2021,Olivia Rodrigo,hope ur ok,content - sensitive topic
2021,Olivia Rodrigo,"1 step forward, 3 steps back",language
2021,Olivia Rodrigo,brutal,language
2021,Olivia Rodrigo,drivers license,language
2021,Olivia Rodrigo,happier,language
2021,Olivia Rodrigo,"jealousy, jealousy",language
2021,Olivia Rodrigo,traitor,language
2021,Olivia Rodrigo,good 4 u,language
2013,Olly Murs feat. Flo Rida,Troublemaker,content - sexual
2012,Olly Murs ft Rizzle Kicks,Heart Skips a Beat,content - sexual
2015,Omarion ft. Chris Brown & Jhene Aiko,Post to Be,language
2015,Paolo Nutini,Scream (Funk My Life Up),content - sexual
2019,Parah Dice,Hot,content - sexual
2019,Pardison Fontaine feat. Cardi B,Backin’ It Up,language
2021,"PARTYNEXTDOOR, Rihanna",BELIEVE IT,language
2010,Petey Pablo,Freek-A-Leek,language
2009,Petey Pablo,Raise Up,language
2014,Pharrell Williams,Come Get It Bae,content - sexual
2011,Pink,Raise Your Glass,drinking / drugs / partying
2011,Pink,F**Kin' Perfect,language
2008,Pink,Get this party Started,language
2012,Pink,Blow Me (One Last Kiss),content - sexual
2021,Pink Sweat$,At My Worst,content - sad
2021,"Pink, Willow Sage Hart",Cover Me In Sunshine,content - sexual
2016,Pitbull,Taxi,content - sexual
2012,Pitbull,Back in Time,language
2015,Pitbull & Ne-Yo,Time of our Lives,language
2012,Pitbull feat. Chris Brown,International Love,content - sexual
2011,"Pitbull feat. Ne-Yo, Afrojack and Nayer",Give Me Everything,content - sexual
2011,Pitbull feat. T-Pain,Hey Baby (Drop It To The Floor),content - sexual
2013,Pitbull ft. Christina Aguilera,Feel this Moment,content - sexual
2016,Pitbull ft. Enrique Iglesias,Messin' Around,content - sexual
2014,Pitbull ft. G.R.L.,Wild Wild Love,content - sexual
2014,Pitbull Ft. John Ryan,Fireball,drinking / drugs / partying
2014,Pitbull ft. Kesha,Timber,drinking / drugs / partying
2012,Pitbull ft. TJR,Don't Stop the Party,drinking / drugs / partying
2021,Playboi Carti,Slay3r,language
2021,Polo G,21,language
2021,Polo G,Be Something (feat. Lil Baby),language
2021,Polo G,Black Hearted,language
2021,Polo G,Clueless (with Pop Smoke & Fivio Foreign),language
2021,Polo G,Epidemic,language
2021,Polo G,Flex (feat. Juice WRLD),language
2021,Polo G,GANG GANG (with Lil Wayne),language
2021,Polo G,Martin & Gina,language
2021,Polo G No Return (with The Kid LAROI & Lil Durk),,language
2021,Polo G Painting Pictures,,language
2021,Polo G RAPSTAR,,language
2019,Polo G Pop Out,,language
2021,"Polo G, Stunna 4 Vegas, NLE Choppa, Mike Wi Go  Stupid",,language
2021,Pooh Shiesty Back In Blood (feat. Lil Durk),,language
2021,Pop Smoke 44 BullDog,,language
2021,Pop Smoke Aim For The Moon (feat. Quavo),,language
2021,Pop Smoke AP - Music from the film Boogie,,language
2021,Pop Smoke Bad Bitch From Tokyo (Intro),,language
2021,Pop Smoke Bout A Million (feat. 42 Dugg & 21 Savage),,language
2021,Pop Smoke Brush Em (feat. Rah Swish),,language
2021,Pop Smoke Coupe,,language
2021,Pop Smoke Creature (feat. Swae Lee),,language
2021,Pop Smoke Demeanor (feat. Dua Lipa),,language
2021,Pop Smoke Enjoy Yourself (feat. Karol G),,language
2021,Pop Smoke Gangstas,,language
2021,Pop Smoke Genius (feat. Lil Tjay & Swae Lee),,language
2021,Pop Smoke Got It On Me,,language
2021,Pop Smoke Hello (feat. A Boogie Wit da Hoodie),,language
2021,Pop Smoke Manslaughter (feat. Rick Ross & The-Dream),,language
2021,Pop Smoke More Time,,language
2021,Pop Smoke Snitching (feat. Quavo & Future),,language
2021,Pop Smoke Something Special,,language
2021,Pop Smoke Tell The Vision (feat. Kanye West & Pusha T),,language
2021,Pop Smoke Tunnel Vision (Outro),,language
2021,Pop Smoke West Coast Sh*t (feat. Tyga & Quavo),,language
2021,Pop Smoke What You Know Bout Love,,language
2021,Pop Smoke Woo Baby (feat. Chris Brown),,language
2021,Pop Smoke Yea Yea,,language
2020,Pop Smoke,Dior Language / Content,n/a
2020,Pop Smoke Featuring 50 Cent & Roddy Ricch,The Woo Language / Content,n/a
2020,Pop Smoke Featuring Lil Baby & DaBaby,For The Night Language / Content,n/a
2020,Pop Smoke Featuring Lil Tjay,Mood Swings Language / Content,n/a
2021,"Pop Smoke, Rowdy Rebel",Make It Rain Language / Content,n/a
2018,Post Malone,Better Now Content - Sad,n/a
2019,Post Malone,Take What You Want ft. Ozzy Osbourne & Travis ScotDrinking / Drugs / Partying,n/a
2019,Post Malone,Enemies (feat. DaBaby) Language,n/a
2019,Post Malone,Goodbyes Language,n/a
2018,Post Malone,Psycho Language,n/a
2019,Post Malone,Saint-Tropez Language,n/a
2015,Post Malone,White Iverson Language,n/a
2021,Post Malone,Motley Crew Language / Content,n/a
2021,Post Malone,Rockstar (feat. 21 Savage) Language / Content,n/a
2021,Post Malone,Wow Language / Content,n/a
2021,Post Malone,Circles Sexual Content,n/a
2020,Post Malone & Swae Lee,Sunflower [spiderman: Into the spider-verse] Sexual Content,n/a
2020,Powfu Featuring beabadoobee,Death Bed religion,n/a
2015,Prince Royce ft. Pitbull,Back It Up Sexual Content,n/a
2015,Prince Royce ft. Snoop Dogg,Stuck On A Feeling Sexual Content,n/a
2021,Red Velvet,Psycho,content - sensitive topic
2021,Red Velvet - IRENE & SEULGI,Monster,content - sexual
2021,Rednex,Cotton Eye Joe,content - sensitive topic
2016,"Redone Ft. Enrique Iglesias, R. City, Serayah & Shaggy",Don't You Need Somebody,content - sexual
2021,Regard,Ride It,content - sexual
2021,"Regard, RAYE",Secrets,language
2021,"Regard, Troye Sivan, Tate McRae",You,drinking / drugs / partying
2017,Remy Ma,Ooouuu,language
2015,Rich Homie Quan,Flex (Ooh Ooh Ooh),language
2018,Rich The Kid,Plug Walk,language
2019,Rich The Kid,Splashin,language
2012,Rick Ross ft Drake & French Montana,Stay Schemin',language
2012,Rick Ross ft. Dr Dre & Jay-Z,3 Kings,language
2020,Rick Ross ft. Lil Wayne,Thug Cry,language
2011,Rick Ross ft. Nicki Minaj,You the Boss,language
2012,Rick Ross ft. Usher,Touch 'n You,content - sexual
2014,Rico Love,They Don't Know,language
2013,Rihanna,Pour It Up,drinking / drugs / partying
2016,Rihanna,Kiss It Better,language
2016,Rihanna,Love On The Brain,language
2016,Rihanna,Needed Me,language
2011,Rihanna,You Da One,language
2011,Rihanna,Cheers (Drink To That),language
2015,Rihanna,Bitch Better Have my Money,language
2017,Rihanna,Sex With Me,language
2011,Rihanna,Only Girl (In The World),content - sexual
2011,Rihanna,S&M,content - sexual
2011,Rihanna feat. Drake,What's My Name?,language
2016,Rihanna feat. Drake,Work,language
2013,Rihanna feat. Mikky Ekko,Stay,content - sad
2021,Taylor Swift,ME! (feat. Brendon Urie of Panic! At The Disco) Content - Sad,n/a
2021,Taylor Swift,Tell Me Why (Taylor's Version) Content - Sad,n/a
2021,Taylor Swift,You Belong With Me (Taylor's Version) Content - Sad,n/a
2013,Taylor Swift,I Knew You Were Trouble Content - Sad,n/a
2012,Taylor Swift,We Are Never Ever Getting Back Together Content - Sad,n/a
2021,Taylor Swift,Only The Young - Featured in Miss Americana Content - Sensitive Topic,n/a
2021,Taylor Swift,"no body, no crime (feat. HAIM) Drinking / Drugs / Partying",n/a
2021,Taylor Swift,the 1 Language,n/a
2021,Taylor Swift,Hey Stephen (Taylor's Version) Sexual Content,n/a
2021,Taylor Swift,The Way I Loved You (Taylor's Version) Sexual Content,n/a
2018,Taylor Swift,Delicate Sexual Content,n/a
2015,Taylor Swift ft. Kendrick Lamar,Bad Blood Content - Sad,n/a
2016,That Poppy,Lowlife Language,n/a
2014,The 1975,Girls Language / Content,n/a
2021,The 1975,If You're Too Shy (Let Me Know) - Edit Sexual Content,n/a
2011,The Band Perry,If I Die Young Content - Sad,n/a
2013,The Band Perry,Better Dig Two Drinking / Drugs / Partying,n/a
2021,The Kid LAROI,Not sober (feat. Polo G & Stunna Gambino) Drinking / Drugs / Partying,n/a
2021,The Kid LAROI,Always Do Drinking / Drugs / Partying,n/a
2021,The Kid LAROI,Go (feat. Juice WRLD) Language,n/a
2021,The Kid LAROI,So Done Language,n/a
2021,The Kid LAROI,Stay (with Justin Bieber) Language / Content,n/a
2021,The Kid LAROI,Tell me why Language / Content,n/a
2021,The Kid LAROI,Tragic (feat. Youngboy Never Broke Again & Internet Language / Content,n/a
2021,The Kid LAROI,Without You (with Miley Cyrus) Language / Content,n/a
2013,The Lonely Island Ft. Adam Levine & Kendrick Lamar,YOLO Drinking / Drugs / Partying,n/a
2021,Tate McRae,You broke me first,language
2021,"Tate McRae, Khalid",Working,content - sad
2020,Taylor Louderman,Someone Gets Hurt [from Mean Girls Musical],content - sexual
2021,The Neighbourhood,Daddy Issues,content - sexual
2019,The Prince Karma,No More,drinking / drugs / partying
2014,The Ready Set,Higher,drinking / drugs / partying
2020,"THE SCOTTS, Travis Scott & Kid Cudi",The Scotts,language
2013,The Script,If you could see me now,content - sad
2016,The Strumbellas,Spirits,violence
2016,The Vamps,I found a Girl,content - sad
2015,The Vamps,Can We Dance,language
2021,The Weeknd,In Your Eyes,content - sad
2021,The Weeknd,Too Late,drinking / drugs / partying
2021,The Weeknd,Faith,drinking / drugs / partying
2015,The Weeknd,Can't Feel my Face,drinking / drugs / partying
2015,The Weeknd,Wicked Games,language
2021,The Weeknd,Save Your Tears (with Ariana Grande) (Remix),language
2018,The Weeknd,Pray For Me,language
2016,The Weeknd,Acquainted,language
2015,The Weeknd,Often,language
2015,The Weeknd,The Hills,language
2021,The Weeknd,Escape From LA,language
2021,The Weeknd,Repeat After Me (Interlude),language
2021,The Weeknd,Snowchild,language
2015,The Weeknd,Earned it (50 shades of Grey),content - sexual
2020,The Weeknd,Heartless,language
2016,The Weeknd f./Daft Punk,I Feel It Coming,drinking / drugs / partying
2016,Theory of a Deadman,Blow,language
2018,Thomas Rhett,Marry Me,drinking / drugs / partying
2019,Thomas Rhett,Look What God Gave Her,religion
2014,Thomas Rhett,Get Me Some of That,content - sexual
2011,Thompson Square,Are You Gonna Kiss Me Or Not,content - sexual
2014,Tiesto,Wasted,drinking / drugs / partying
2021,Tiesto,The Business,language
2010,Timbaland ft. Justin Timberlake,Carry Out,content - sexual
2015,Timbaland ft. Magoo and Missy Elliott,Cop That Sh*t,language
2011,Timbaland ft. Pitbull & David Guetta,Pass At Me,language
2014,Timeflies,Monsters,language
2016,Timeflies,Once In A While,language
2015,Timeflies ft. Natalie La Rose,Worse Things Than Love,content - sad
2016,Tinashe,Superlove,language
2015,Tinashe & Chris Brown,Player,language
2015,Tinashe & Iggy Azalea,All Hands On Deck (Remix),language
2014,Tinashe Ft Schoolboy Q,2 On,language
2011,Tinie Tempah feat. Eric Turner,Written In The Stars,language
2014,Tinie Tempah ft. Labrinth,Lover Not a Fighter,content - sexual
2011,Tinie Tempah ft. Wiz Khalifa,Till I'm Gone,language
2016,Tinie Tempah ft. Zara Larsson,Girls Like,content - sexual
2012,Toby Keith,Beers Ago,drinking / drugs / partying
2012,Toby Keith,Red Solo Cup,drinking / drugs / partying
2021,Tom Grennan,Little Bit of Love,content - sad
2021,"TOMORROW X TOGETHER, Seori",0X1=Lovesong (I Know I Love you),content - sexual
2021,Tones And I,Bad Child,content - sad
2021,"Topic, A7S",Breaking Me,language
2015,Tori Kelly,Hollow,content - sad
2019,Tory Lanez,Talk to Me,language
2021,Tory Lanez,Broke In A Minute,language
2021,Tory Lanez,Stupid Again,language
2021,Tory Lanez,The Take (feat. Chris Brown),language
2016,Tory Lanez,Luv,content - sexual
2015,Tove Lo,Timebomb (Pop Mix),content - sad
2015,Tove Lo,Habits (stay high),drinking / drugs / partying
2016,Tove Lo,Cool Girl,language
2015,Tove Lo,Talking Body,language
2016,Tove Lo,True Disaster,language
2015,Tove Lo,Moments,language
2012,T-Pain feat. Wiz Khalifa and Lily Allen,5 O'Clock,language
2014,T-Pain ft. B.o.B.,Up Down (Do this all Day),language
2012,Train,Drive By,language
2015,Travie Mccoy ft. Sia,Golden,language
2015,Travis Mills ft Tftift,Young & Stupid,language
2019,Travis Scott,Highest in the Room,drinking / drugs / partying
2021,Travis Scott,Stargazing,drinking / drugs / partying
2019,Travis Scott,goosebumps,language
2019,Travis Scott,Yosemite,language
2016,Travis Scott,Antidote,language
2021,Travis Scott,Franchise (feat. Young Thug & M.I.A.),language
2021,Travis Scott,Sicko Mode,language
2021,Travis Scott,"The Plan - From the Motion Picture ""TENET""",language
2021,Travis Scott,Butterfly effect,content - sexual
2020,Travis Scott,Highest in the Room,language
2021,Trevor Daniel,Past Life (with Selena Gomez),content - sad
2014,Trey Songz,Na Na,drinking / drugs / partying
2012,Trey Songz,Heart Attack,language
2014,Trey Songz,Simply Amazing,content - sexual
2011,Trey Songz feat. Nicki Minaj,Bottoms Up,drinking / drugs / partying
2012,Trey Songz ft. Lil Wayne & Young Jeezy,Hail Mary,language
2012,Trinidad James,All Gold Everything,language
2019,Trippie Redd,6 Kiss,language
2019,Trippie Redd,Who Needs Love,language
2021,Trippie Redd,Miss The Rage (feat. Playboi Carti),language
2021,"Trippie Redd, DaBaby",Death,language
2021,"Trippie Redd, Lil Uzi Vert",Holy Smokes,language
2021,Twenty One Pilots,Level of Concern Content - Sad,n/a
2021,Twenty One Pilots,Choker content - Sad,n/a
2016,Twenty One Pilots,Ride Content - Sad,n/a
2021,Twenty One Pilots,Saturday Drinking / Drugs / Partying,n/a
2021,Twenty One Pilots,Shy Away Sexual Content,n/a
2016,Twenty One Pilots,Heathens Violence,n/a
2021,TWICE,Alcohol-Free Drinking / Drugs / Partying,n/a
2021,TWICE,More & More Sexual Content,n/a
2021,twocolors,Lovefool Content - Sad,n/a
2021,Ty Dolla $ign,"Ego Death (feat. Kanye West, FKA twigs & Skrillex) Language / Content",n/a
2021,Ty Dolla $ign,Spicy (feat. Post Malone) Language / Content,n/a
2016,Ty Dolla $ign feat. Future & Rae Sremmurd,Blase Language / Content,n/a
2014,Ty Dolla $ign ft. B.o.B,Paranoid Language / Content,n/a
2019,Tyga,Floss in the Bank Language / Content,n/a
2012,Tyga,Rack City Language / Content,n/a
2018,Tyga,Taste Language / Content,n/a
2021,Tyga,Ayy Macarena Language / Content,n/a
2021,Tyga,Vacation Language / Content,n/a
2019,Tyga ft. G-Eazy and Rich the Kid,Girls Have Fun Language / Content,n/a
2012,Tyga ft. Rick Ross,Dope Language / Content,n/a
2021,Tyla Yaweh,Tommy Lee (feat. Post Malone) Language / Content,n/a
2014,Tyler Farr,A guy goes into a bar Drinking / Drugs / Partying,n/a
2021,"Tyler, The Creator",EarfQuake Language,n/a
2021,"Tyler, The Creator",Lemonhead (feat. 42 Dugg) Language,n/a
2021,"Tyler, The Creator",Sir Baudelaire (feat. DJ Drama) Language,n/a
2021,"Tyler, The Creator",Wusyaname (feat. Youngboy Never Broke Again & Ty Langu age,n/a
2021,"Tyler, The Creator",Corso Language,n/a
2021,"Tyler, The Creator",Hot Wind Blows(feat. Lil Wayne) Language,n/a
"2021 Tyler, The Creator",,Juggernaut (feat. Lil Uzi Vert & Pharrell Williams),language
"2021 Tyler, The Creator",,Lumberjack,language
"2021 Tyler, The Creator",,Manifesto (feat. Domo Genesis),language
"2021 Tyler, The Creator",,RunItUp (feat. Teezo Touchdown),language
"2021 Tyler, The Creator",,Wilshire,language
2012 Usher,,Climax,content - sexual
2012 Usher,,Scream,content - sexual
2011 Usher feat. Pitbull,,DJ Got Us Fallin' In Love,drinking / drugs / partying
2016 Usher feat. Young Thug,,No Limit,language
2015 Usher Ft. Juicy J,,I Don't Mind,language
2014 Usher ft. Nicki Minaj,,She came to Give it to You,content - sexual
2012 Usher ft. Rick Ross,,Lemme See,content - sexual
2021 Vedo,,You Got It,language
Waka Flocka Flame feat. Roscoe Dash and 2011,,No Hands,language
Wale,,,n/a
2012 Waka Flocka Flame ft. Nicki Minaj,,Get Low,language
2019 Wale feat. Jeremih,,On Chill,language
2013 Wale feat. Tiara Thomas or Rihanna,,Bad,language
2011 Wale ft Jeremih & Rick Ross,,That Way,language
2011 Wale ft Meek Mill & Rick Ross,,Ambition,language
2015 Wale ft. Jeremih,,The Body,content - sexual
"Wale ft. Rick Ross, Lil Wayne, Omarion, T-Pain , You 2012",,,n/a
"Gotti, Black Cobain & French Montana",,,n/a
,,Bag of Money,language
2021 Walker Hayes,,Fancy Like,content - sexual
2021 Wallows,,Are You Bored Yet? (feat. Clairo),language
2019 Walter French,,Lunch,language
2016 Weeknd feat. Daft Punk,,Starboy,language
2021 WhoHeem,,Lets Link,language
2014,"Will I Am ft. Miley Cyrus, Wiz Khlifa & French Montana",Feeling Myself,language
2014,Will.I.Am,GEEKIN',language
2014,Will.I.Am,Heartbreaker,language
2014,Will.I.Am,S.O.S.(mother nature),language
2014,Will.I.Am,One More Chance,content - sexual
2013,will.i.am and Britney Spears,Scream and Shout,language
2012,Will.I.Am ft. Mick Jagger & Jennifer Lopez,T.H.E.[The Hardest Ever],language
2013,will.i.am ft. Miley Cyrus,Fall Down,drinking / drugs / partying
2014,Will.I.Am ft. Snoop Dogg,The Donque Song,language
2021,WILLOW,t r a n s p a r e n t s o u l feat. Travis Barker,language
2014,Wiz Khalifa,We Dem Boyz,language
2012,Wiz Khalifa,"Work Hard, Play Hard",language
2014,Wiz Khalifa,I go Hard,language
2011,Wiz Khalifa,Roll Up,language
2012,Wiz Khalifa ft. 2 Chainz,It's Nothing,language
2011,"Wiz Khalifa ft. Snoop Dogg, Juicy J & T-Pain",Black And Yellow,language
2012,Wiz Khalifa ft. The Weeknd,Remember You,language
2021,XXXTENTACION,changes,content - sad
2021,XXXTENTACION,Hope,language
2019,XXXTENTACION,bad vibes forever,language
2019,XXXTENTACION,Jocelyn Flores,language
2018,Xxxtentacion,Moonlight,language
2018,Xxxtentacion,SAD!,language
2021,XXXTENTACION,Everybody Dies In Their Nightmares,language
2021,XXXTENTACION,Riot,language
2019,Xxxtentacion  feat. Maluma & Swae Lee,Arms Around You,drinking / drugs / partying
2020,Y2K & Bbno$,Lalala,language
2015,Yazz and Serayah McNeill,Drip Drop,content - sexual
2018,YG,Big Bank,language
2014,YG Ft. Jeezy & Rich Homie Quan,My Hitta,language
2021,Ying Yang Twins,Wait [The Whisper Song],language
2019,YNW Melly,223's (feat. 9lokknine),language
2019,YNW Melly,Murder On My Mind,language
2020,YNW Melly & Juice WRLD,Suicidal,language
2016,Yo Gotti feat. Nicki Minaj,Down In The Dm,language
2021,"Young Stoner Life, Young Thug, Gunna",Solid (feat. Drake),language
2021,"Young Stoner Life, Young Thug, Gunna",Diamonds Dancing (feat. Travis Scott),language
2021,"Young Stoner Life, Young Thug, Gunna",Ski,language
2016,Young Thug,Best Friend,language
2019,Young Thug,The London ft. J. Cole & Travis Scott,language
2020,Young Thug Featuring Gunna,Hot,language
2018,Youngboy Never Broke Again,Outside Today,language
2019,Youngboy Never Broke Again,Valuable Pain,language
2019,YouNotUs,Narcotic ft. Janieck & Senex,drinking / drugs / partying
2016,Zac Brown Band,Beautiful Drug,drinking / drugs / partying
2019,Zara Larsson,Ruin my Life,language
2016,Zara Larsson,Ain't My Fault,content - sexual
2016,Zayn Malik,Like I Would,content - sexual
2016,Zayn Malik,PillowTalk,content - sexual
2014,Zedd ft. Hayley Williams,Stay the Night,content - sexual
2016,Zendaya,Something New,content - sexual
2014,ZHU,Faded,drinking / drugs / partying
2016,ZHU x Skrillex x THEY.,Working For It,language
