Year,Artist,Song Title,Reason
2013,2 Chainz,I'm Different,Language
2016,2 Chainz,Watch Out,Language
2012,2 Chainz feat. Drake,No Lie,Language / Content
2010,2 Pistols ft. Jason Derulo,Redonkulous,Sexual Content
2019,21 Savage,A lot,Language
2019,21 Savage,Can’t leave without it,Language
2021,"21 Savage, Metro Boomin",RIP Luv,Language
2021,"21 Savage, Metro Boomin",Snitches & Rats (feat. Young Nudy),Language
2021,"21 Savage, Metro Boomin",Brand New Draco,Language / Content
2021,"21 Savage, Metro Boomin",Glock In My Lap,Language / Content
2021,"21 Savage, Metro Boomin",Many Men,Language / Content
2021,"21 Savage, Metro Boomin",Mr. Right Now (feat. Drake),Language / Content
2021,"21 Savage, Metro Boomin",My Dawg,Language / Content
2021,"21 Savage, Metro Boomin",No Opp Left Behind,Language / Content
2021,"21 Savage, Metro Boomin",Rich ni**a Sh*t (feat. Young Thug),Language / Content
2021,"21 Savage, Metro Boomin",Runnin,Language / Content
2021,"21 Savage, Metro Boomin",Slidin,Language / Content
2021,"21 Savage, Metro Boomin",Steppin On ni**as,Language / Content
2019,22Gz ft. Kodak Black,Spin the Block,Language / Content
2021,24kGoldn,CITY OF ANGELS,Language
2019,24kGoldn,Valentino,Language / Content
2020,24kGoldn Featuring iann dior,Mood,Language
2021,347aidan,Dancing in My Room,Language
2010,3OH!3 ft. Kesha,My First Kiss,Sexual Content
2016,5 Seconds Of Summer,Jet Black Heart,Drinking / Drugs / Partying
2021,5 Seconds of Summer,Old Me,Language
2021,5 Seconds of Summer,No Shame,Sexual Content
2016,5 Seconds Of Summer,Girls Talk Boys,Sexual Content
2014,5 Seconds of Summer,Good Girls,Sexual Content
2014,5 Seconds of Summer,She Looks so Perfect,Sexual Content
Year,Artist,Song Title,Reason
2019,5 Seconds Of Summer,Teeth,Violence
2019,5 Seconds of Summer,Youngblood,Drinking / Drugs / Partying
2013,50 Cent ft. Eminem & Adam Levine,My Life,Language
2018,6IX9INE,FEFE,Language / Content
2021,6ix9ine,GOOBA,Language / Content
2021,6ix9ine,PUNANI,Language / Content
2021,6ix9ine,TROLLZ (with Nicki Minaj),Language / Content
2021,6ix9ine,YAYA,Language / Content
2017,A Boogie wit Da Hoodie,My Sh*t,Language
2019,A Boogie Wit da Hoodie,Look Back At It,Language / Content
2021,A Boogie Wit da Hoodie,Bleed,Language / Content
2021,A Boogie Wit da Hoodie,King Of My City,Language / Content
2021,A Boogie Wit da Hoodie,Might Not Give Up (feat. Young Thug),Language / Content
2021,A Boogie Wit da Hoodie,"Numbers (feat. Roddy Ricch, Gunna and London On Da Track)",Language / Content
2019,A Boogie Wit da Hoodie feat. 6ix9ine,Swervin,Language / Content
2019,A Boogie Wit da Hoodie ft. Juice Wrld,Deamons and Angels,Language / Content
2019,"A Boogie Wit da Hoodie,Offset and Tyga)",Startender,Language
2018,A$AP Ferg,Plain Jane REMIX,Language / Content
2021,A$AP Ferg,Move Ya Hips (feat. Nicki Minaj & MadeinTYO),Language / Content
2012,A$AP Rocky,Goldie,Drinking / Drugs / Partying
2013,A$AP Rocky,Long Live A$ap,Language / Content
2013,A$AP Rocky Featuring Skrillex & Birdy Nam Nam,Wild for the Night,Language
2013,"A$AP Rocky ft. Drake, 2 Chainz and Kendrick Lamar",F**kin Problems,Language
2019,A$ton Wyld,Next Level,Language
2016,Aaron Carter,Fool's Gold,Language
2013,Ace Hood feat. Future and Rick Ross,Bugatti,Language
2015,Adam Lambert,Another Lonely Night,Language
2015,Adam Lambert,Ghost Town,Language
2016,Adelitas Way,Bad Reputation,Drinking / Drugs / Partying
2014,Aer,Says She Loves Me,Drinking / Drugs / Partying
Year,Artist,Song Title,Reason
2015,Afrojack ft. Mike Taylor,SummerThing!,Sexual Content
2015,Aggro Santos ft. Andreea Banica,Red Lips,Sexual Content
2019,AJ Tracey,Psych Out!,Language
2017,AJR,Weak,Drinking / Drugs / Partying
2019,AJR,Dear Winter,Language
2016,AJR,I'm Not Famous,Language
2020,AJR,Bang!,Violence
2019,"Alan Walker, A$AP Rocky",Live Fast (PUBGM),Language
2015,Alessia Cara,Here,Drinking / Drugs / Partying
2016,Alessia Cara ft G-Eazy,Wild Things,Language
2021,Ali Gatie,It's You,Content - Sad
2013,Alicia Keys feat. Nicki Minaj,Girl On Fire,Language
2015,AlunaGeorge & DJ Snake,You Know You lIke it,Sexual Content
2016,AlunaGeorge ft Popcaan,I'm In Control,Sexual Content
2015,Alyxx Dione f./Jason Derulo,Chingalinga,Sexual Content
2017,Amos Lee,Vaporize,Drinking / Drugs / Partying
2016,Andy Grammer,Good To Be Alive (Hallelujah),Violence
2019,"Anitta, Lexa & Luísa Sonza",Combatchy (feat. MC Rebecca),Language
2021,Anne-Marie,2002,Drinking / Drugs / Partying
2021,Anne-Marie,Birthday,Language
2016,Anne-Marie,Alarm,Sexual Content
2021,"Anne-Marie, KSI, Digital Farm Animals",Don't Play,Language
2021,"Anne-Marie, Little Mix",Kiss My (Uh Oh),Sexual Content
2021,"Anne-Marie, Niall Horan",Our Song,Language
2019,Anuel AA & Daddy Yankee & Karol G,China feat. J Balvin & Ozuna,Drinking / Drugs / Partying
2019,Anuell AA,Secreto ft. Karol G,Sexual Content
2019,Apache 207,Roller,Language
2021,Arctic Monkeys,Why'd You Only Call Me When You're High?,Drinking / Drugs / Partying
2021,Arctic Monkeys,Do I Wanna Know?,Sexual Content
2015,Ariana Grande,One Last Time,Content - Sad
Year,Artist,Song Title,Reason
2020,Ariana Grande,7 Rings,Language
2019,Ariana Grande,Boyfriend,Language
2019,Ariana Grande,"Break up with your girlfriend, i'm bored",Language
2016,Ariana Grande,Focus,Language
2019,Ariana Grande,"Thank You, Next",Language
2021,Ariana Grande,Six thirty,Language
2021,Ariana Grande,love language,Language
2021,Ariana Grande,motive (with Doja Cat),Language
2021,Ariana Grande,safety net (feat. Ty Dolla $ign),Language
2021,Ariana Grande,Shut up,Language
2021,Ariana Grande,test drive,Language
2021,Ariana Grande,"thank u, next",Language
2021,Ariana Grande,nasty,Language / Content
2021,Ariana Grande,34+35,Sexual Content
2021,Ariana Grande,just like magic,Sexual Content
2021,Ariana Grande,my hair,Sexual Content
2021,Ariana Grande,obvious,Sexual Content
2021,Ariana Grande,off the table (with The Weeknd),Sexual Content
2021,Ariana Grande,pov,Sexual Content
2021,Ariana Grande,west side,Sexual Content
2018,Ariana Grande,God is a woman,Sexual Content
2020,Ariana Grande,Positions,Sexual Content
2020,Ariana Grande & Justin Bieber,Stuck With U,Sexual Content
2019,Ariana Grande & Miley Cyrus,Don't Call me Angel,Sexual Content
2014,Ariana Grande f./The Weeknd,Love Me Harder,Sexual Content
2013,Ariana Grande feat. Mac Miller,The Way,Sexual Content
2016,Ariana Grande feat. Nicki Minaj,Side To Side,Sexual Content
2019,Arizona Zervas,Roxanne,Language
2021,Arizona Zervas,FML,Language
2015,AronChupa,I'm An Albatraoz,Language / Content
Year,Artist,Song Title,Reason
2021,Ashnikko,Daisy,Language / Content
2021,Ashnikko,Slumber Party (feat. Princess Nokia),Language / Content
2016,Audiodamn!,Don't Call Me When It's Over,Language
2019,Audiosoulz,Dancefloor,Drinking / Drugs / Partying
2014,August Alsina ft. Trinidad James,I Luv This Sh*t,Language
2014,Austin Mahone ft. Pitbull,Mmm Yeah,Sexual Content
2021,Ava Max,Who's Laughing Now,Sexual Content
2021,Ava Max,Salt,Sexual Content
2019,Ava Max,Sweet but Psycho,Content - Sensitive Topic
2011,Avril Lavigne,What The Hell,Language
2010,AWOLNATION,Sail,Content - Sad
2019,Aya Nakamura,Djadja,Language / Content
2015,B.o.B,Not for Long,Drinking / Drugs / Partying
2012,B.o.B,So Good,Sexual Content
2021,Baby Keem,durag activity (with Travis Scott),Language / Content
2019,Bad Bunny,Vete,Language
2019,Bad Bunny,Callaita,Sexual Content
2019,Bad Bunny,MIA ft. Drake,Sexual Content
2020,Bad Bunny & Jhay Cortez,Bakiti,Language
2019,Bad Bunny ft. El Alfa,La Romana,Language / Content
2011,Bad Meets Evil feat. Bruno Mars,Lighters,Language
2021,BANNERS,Someone To You,Content - Sad
2021,Barbara Pravi,Voila,Sexual Content
2021,Bas,The Jackie (with J. Cole & Lil Tjay),Language
2018,Bazzi,Mine,Drinking / Drugs / Partying
2019,Bazzi,I.F.L.Y.,Language
2021,Bazzi,Young & Alive,Language / Content
2021,Bea Miller,feel something,content - Sad
2014,Bebe Rexha,I Can't Stop Drinking About You,Drinking / Drugs / Partying
2021,Bebe Rexha,"Baby, I'm Jealous (feat. Doja Cat)",Sexual Content
2016,Belly ft The Weeknd Might Not,,Language / Content
2021,"Belly, The Weeknd, Young Thug Better Believe",,Language / Content
2020,BENEE Featuring Gus Dapperton Supalonely,,Language
2019,benny blanco Graduation (with Juice WRLD),,Language
2019,Benny Blanco Roses,,Language
2021,benny blanco Eastside (with Halsey & Khalid),,Sexual Content
2015,Betty Who All Of You,,Sexual Content
2020,Beyonce Pretty Hurts,,Content - Sad
2011,Beyonce Best Thing I Never Had,,Content - Sad
2014,Beyonce 7 11,,Language
2016,Beyonce Hold Up,,Language
2016,Beyonce Sorry,,Language
2014,Beyonce XO,,Sexual Content
2014,Beyonce Partition,,Sexual Content
2021,Beyoncé BLACK PARADE,,Language / Content
2011,Beyonce ft. J.Cole Party,,Sexual Content
2014,Beyonce ft. Jay-Z Drunk in Love,,Sexual Content
2015,Beyonce ft. Nicki Minaj & Chimamanda Ngozi Flawless,,Language
2021,"Beyoncé, Megan Thee Stallion Savage Remix (feat. Beyoncé)",,Language
2021,BIA WHOLE LOTTA MONEY (feat. Nicki Minaj) - Remix,,Language
2020,Big $tunt Capitalize off Pain,,Language / Content
Year,Artist,Song Title,Reason
2016,Bebe Rexha ft Nicki Minaj,No Broken Hearts,Drinking / Drugs / Partying
2015,Becky G,Break a Sweat,Sexual Content
2021,Bella Poarch,Build a Bitch,Language
2021,Big Red Machine,Renegade (feat. Taylor Swift),Language
2021,Big Sean,Wolves (feat. Post Malone),Language
2021,Big Sean,Lithuania (feat. Travis Scott),Language
2011,Big Sean feat. Chris Brown,My Last,Language
2016,Big Sean feat. Chris Brown & Ty Dolla $ign,Play No Games,Language
2015,Big Sean feat. E-40,I Don't Fk With You,Language
Year,Artist,Song Title,Reason
2013,Big Sean feat. Lil Wayne,Beware,Language
2012,Big Sean feat. Nicki Minaj,Dance (A$$),Language
2015,Big Sean feat. Rick Ross and E40,IDFWU,Language
2015,Big Sean ft. Drake,Blessings,Language
2011,Big Time Rush ft. Snoop Dogg,Boyfriend,Language
2021,Billie Eilish,all the good girls go to hell,content - Sad
2021,Billie Eilish,bury a friend,content - Sad
2020,Billie Eilish,Therefore I Am,language
2021,Billie Eilish,NDA,Language
2021,Billie Eilish,Wish you were gay,Sexual Content
2012,Birdman ft. Rick Ross,Born Stunna,Language
2015,BJ The Chicago Kid feat. ScHoolboy Q,It's True,Language
2020,Black Eyed Peas,Pump It,Language
2011,Black Eyed Peas,Just Can't Get Enough,Language / Content
2020,Black Eyed Peas X J Balvin,RITMO (Bad Boys For Life),Language
2021,"Black Eyed Peas, Ozuna, J. Rey Soul",MAMACITA,Language
2021,"Black Eyed Peas, Shakira",GIRL LIKE ME,Sexual Content
2021,blackbear,me & ur ghost,Language
2021,blackbear,if i were u (with Lauv),Language
2020,blackbear,Hot Girl Bummer,Language
2014,Blackout Ft  Jah-Fu,My Nutty Buddies,Sexual Content
2021,BLACKPINK,Lovesick Girls,Content - Sad
2021,BLACKPINK,Crazy Over You,Language
2021,BLACKPINK,Pretty Savage,Language
2020,Blackpink,How you like that,Language
2021,BLACKPINK,Love To Hate Me,Language
2021,BLACKPINK,Ice Cream (with Selena Gomez),Language / Content
2021,BLACKPINK,Kill This Love,Language / Content
2021,BLACKPINK,Bet You Wanna (feat. Cardi B),Sexual Content
2010,Blackstreet ft. Dr.Dre,No Diggity,Language
Year,Artist,Song Title,Reason
2016,Blake Shelton,Gonna,Language / Content
2019,Blake Shelton,God's Country,Religion
2020,Blake Shelton Duet With Gwen Stefani,Nobody But You,Sexual Content
2013,Blake Shelton ft. Pistol Annies and Friends,Boys 'Round Here,Language
2014,Bleachers,I Wanna Get Better,Content - Sad
2018,BlocBoy JB,Look Alive (feat. Drake),Language
2016,Blonde & Craig David,Nothing Like This,Sexual Content
2020,Blondie,Heart of Glass,Language
2019,Blueface,Thotiana,Language
2011,Blush ft. Snoop Dogg,Undivided,Sexual Content
2021,"Blxst, Tyga",Chosen (feat. Ty Dolla $ign),Language / Content
2021,Bo Burnham,All Eyes On Me,Language
2021,Bo Burnham,Bezos I,Language
2012,Bob Sinclair ft. Snoop Dogg,Wild Thing,Sexual Content
2015,"Bobby Brackins ft. IamSu, Too Short & Mila J",Hot Box,Language
2011,Bow Wow ft. Lil Wayne,Sweat,Language
2014,Brantley Gilbert,Bottoms Up,Language
2021,Brent Faiyaz,Wasting Time ( feat. Drake ),Language
2021,"Brent Faiyaz, DJ Dahi","Gravity (feat. Tyler, The Creator)",Language
2016,Brett Eldredge,Drunk on your Love,Drinking / Drugs / Partying
2019,Brett Young,Here Tonight,Sexual Content
2021,Bring Me The Horizon,Can You Feel My Heart,Language
2021,Bring Me The Horizon,Parasite Eve,Language
2013,Britney Spears,Work Bitch,Language
2011,Britney Spears,Hold It Against Me,Sexual Content
2011,Britney Spears,I Wanna Go,Sexual Content
2016,Britney Spears f./Tinashe,Slumber Party,Language
2016,Britney Spears ft G-Eazy,Make Me,Language
2021,BROCKHAMPTON,SUGAR,Language
2021,Bruno Mars,Runaway baby,Content - Sensitive Topic
2016,Bruno Mars 24K Magic,,Language
2018,Bruno Mars Finesse (Remix) [feat. Cardi B],,Language
2011,Bruno Mars The Lazy Song,,Sexual Content
2013,Bruno Mars Locked out of Heaven,,Sexual Content
2013,Bruno Mars Treasure,,Sexual Content
2014,Bruno Mars Young Girls,,Violence
2021,"Bruno Mars, Anderson .Paak, Silk Sonic Leave The Door Open",,Drinking / Drugs / Partying
2016,Bryson Tiller Don't,,Language
2016,Bryson Tiller Exchange,,Language
2016,Bryson Tiller Sorry Not Sorry,,Language
2021,Bryson Tiller Outta Time (feat. Drake),,Sexual Content
2021,BTS Louder than bombs,,Content - Sad
2021,BTS ON (Feat. Sia),,Content - Sad
2021,BTS Dis-ease,,Content - Sensitive Topic
2021,BTS Fly To My Room,,Drinking / Drugs / Partying
2021,BTS Interlude : Shadow,,Drinking / Drugs / Partying
2021,BTS Black Swan,,Sexual Content
2021,BTS UGH!,,Violence
2014,"Busta Rhymes ft. Z-Tip, Kanye West & Lil WaynThank You",,Drinking / Drugs / Partying
2012,Ca$h Out Cashin' Out,,Language
2019,Cadet & Deno Driz Advice,,Language
2019,Calboy Envy Me,,Language
2021,Calvin Harris Over Now (with The Weeknd),,Language
2021,Calvin Harris One Kiss (with Dua Lipa),,Sexual Content
2015,Calvin Harris & Disciples How Deep is Your Love,,Sexual Content
2018,Camila Cabello Never Be the Same,,Drinking / Drugs / Partying
2021,Camila Cabello Don't Go Yet,,Sexual Content
2021,Camila Cabello Liar,,Sexual Content
2019,Camila Cabello Shameless,,Sexual Content
2019,Camila Cabello Living Proof,,Sexual Content
Year,Artist,Song Title,Reason
2020,Camila Cabello Featuring DaBaby,My Oh My,Language / Content
2020,Camila Cabello ft. Young Thug,Havana,Sexual Content
2018,Cardi B,Be Careful,Language
2018,Cardi B,Bodak Yellow,Language
2018,Cardi B,I Like It,Language
2019,Cardi B,Money,Language
2019,Cardi B,Please Me,Language
2021,Cardi B,Up,Language / Content
2020,Cardi B Featuring Megan Thee Stallion,WAP,Language / Content
2020,Carly Pearce & Lee Brice,I Hope You're Happy Now,Content - Sad
2012,Carrie Underwood,Blown Away,Violence
2016,Cash Cash & Digital Farm Animals f./Nelly,Millionaire,Sexual Content
2016,Cashmere Cat f./Selena Gomez & Tory Lanez,Trust Nobody,Language
2019,C-BooL,Catch You,Content - sad
2011,Cee Lo Green,F**K You (Forget You),Language
2016,Chainsmokers ft Halsey,Closer,Drinking / Drugs / Partying
2015,Chainsmokers ft Rozes,Roses,Drinking / Drugs / Partying
2014,Charli XCX,Break The Rules,Drinking / Drugs / Partying
2016,Charli XCX f./Lil Yachty,After The Afterparty,Drinking / Drugs / Partying
2015,Charli XCX ft. Rita Ora,Doing It,Sexual Content
2015,Charlie Puth ft. Meghan Trainor,Marvin Gaye,Sexual Content
2016,Charly Black,Gyal You A Party Animal,Sexual Content
2016,Cheat Codes X Kris Kross Amsterdam,Sex,Sexual Content
2012,Cher Lloyd,Want U Back,Sexual Content
2012,Chief Keef,I Don't Like,Language
2012,Chief Keef,Love Sosa,Language
2018,Childish Gambino,This Is America,Violence
2016,Childish Gambino,Redbone,Language
2009,Chingy,Right Thurr,Language / Content
2011,Chris Brown,Yeah 3x,Drinking / Drugs / Partying
Year,Artist,Song Title,Reason
2015,Chris Brown,Zero,Drinking / Drugs / Partying
2016,Chris Brown,Back To Sleep,Language
2011,Chris Brown,She Ain't You,Sexual Content
2019,Chris Brown,Undecided,Drinking / Drugs / Partying
2020,Chris Brown & Young Thug,Go Crazy,Language / Content
2020,Chris Brown Featuring Drake,No Guidance,Language / Content
2015,Chris Brown ft Tyga,Ayo,Language
2014,Chris Brown ft Usher & Rick Ross,New Flame,Language
2011,Chris Brown ft. Lil Wayne and Busta Rhymes,Look At Me Now,Language
2014,Chris Brown ft. Nicki Minaj,Love More,Language
2015,Chris Brown ft. Tyga and ScHoolboy Q,Bitches and Marijuana,Language / Content
2012,Chris Cagle,Let there be Cowgirls,Religion
2015,Ciara,I Bet,Language
2019,City Girls,Act Up,Language
2019,City Girls,Twerk,Language
2021,CJ,Whoopty,Language
2021,"Clean Bandit, Mabel",Tick Tock (feat. 24kGoldn),Sexual Content
2010,Cledus T.Judd,Tiger by the Tail,Language / Content
2012,Cledus T.Judd,Double D Cups,Sexual Content
2013,Cledus T.Judd,Honeymoon,Sexual Content
2020,Code Orange,Let Me In [The Fiend Bray Wyatt],Violence
2014,Cody Simpson,Surfboard,Sexual Content
2016,Coldplay ft. Beyonce,Hymn For The Weekend,Drinking / Drugs / Partying
2014,Cole Swindell,Chillin' It,Drinking / Drugs / Partying
2021,Conan Gray,Maniac,Drinking / Drugs / Partying
2021,Cordae,Gifted (feat. Roddy Ricch),Language
2021,"CORPSE, Savage Ga$p",E-GIRLS ARE RUINING MY LIFE!,Language
2016,Craig David ft. Big Narstie,When the bassline drops,Drinking / Drugs / Partying
"","Cult, the",Love Removal Machine,Sexual Content
2021,Curtis Waters,Stunnin' (feat. Harm Franklin),Language / Content
Year,Artist,Song Title,Reason
2016,D.R.A.M. feat. Lil Yachty,Broccoli,Language
2021,DaBaby,Ball If I Want To,Language
2021,DaBaby,Find My Way,Language
2021,DaBaby,Pick Up (feat. Quavo),Language
2021,DaBaby,Red Light Green Light,Language
2019,DaBaby,Babysitter,Language
2019,DaBaby,Bop,Language
2019,DaBaby,Suge,Language
2019,DaBaby,Vibez,Language
2021,DaBaby,Blind (feat. Young Thug),Language
2021,DaBaby,Jump (feat. YoungBoy Never Broke Again),Language
2021,DaBaby,Blame it on Baby,Language / Content
2021,DaBaby,Lightskin sh*t (feat. Future & jetsonmade),Language / Content
2021,DaBaby,Rockstar (feat. Roddy Ricch),Language / Content
2021,DaBaby,Toes (feat. Lil Baby & Moneybagg Yo),Language / Content
2019,Daddy Yankee,Con Calma,Sexual Content
2014,Daddy's Cash,This Is My Party,Language
2013,Daft Punk feat. Pharrell Williams,Get Lucky,Sexual Content
2018,Dan + Shay,Tequila,Drinking / Drugs / Partying
2021,Dave,Verdansk,Language
2021,Dave,Clash (feat. Stormzy),Language / Content
2011,David Guetta feat. Flo Rida and Nicki Minaj,Where Them Girls At,Drinking / Drugs / Partying
2011,David Guetta ft Rihanna,Who's That Chick,Drinking / Drugs / Partying
2015,"David Guetta ft. Nicki Minaj, Bebe Rexha & Afrojack",Hey Mama,Sexual Content
2014,David Nail,Whatever she's Got,Sexual Content
2015,Dawin,Dessert,Drinking / Drugs / Partying
2015,Daya,Hide Away,Sexual Content
2019,D-Block Europe,Nookie ft. Lil Baby,Language
2019,D-Block Europe,Playing for Keeps,Language
2021,DDG,Moonwalking in Calabasas (feat. Blueface) - Remix,Language / Content
2021,Demi Lovato,Dancing With The Devil Drinking / Drugs / Partying
2021,Demi Lovato,I Love Me Language
2014,Demi Lovato,Neon Lights Sexual Content
2018,Demi Lovato,Tell Me You Love Me Sexual Content
2016,Demi Lovato,Body Say Sexual Content
2015,Demi Lovato,Cool for the Summer Sexual Content
2016,Desiigner,Panda Language
2016,Desiigner,Tiimmy Turner Language
2013,Destiny's Child,Nuclear Language
2011,Dev,In The Dark Sexual Content
2016,Dev f./Nef The Pharaoh,"#1 Language / Content"
2021,dhruv,double take Sexual Content
2011,Diddy - Dirty Money feat. Skylar Grey,Coming Home Content - sad
2014,Dierks Bentley,Drunk On a Plane Drinking / Drugs / Partying
2013,Dierks Bentley,Tip it on Back Drinking / Drugs / Partying
2019,Dimitri Vegas & Like Mike,Instagram (Bassjackers Remix)  FT. David Guetta & Daddy Yan Language
2020,Dixie D'Amelio,Be Happy content - Sad
2013,Dizzee Rascal,bassline Junkie Language
2018,DJ Khaled,No Brainer Language
2021,DJ Khaled,Every chance I Get (feat. Lil Baby & Lil Durk) Language
2021,DJ Khaled,"I Did it (feat. Post Malone, Megan Thee Stallion, Lil BaLan gu age"
2021,DJ Khaled,Let it Go (feat. Justin Bieber & 21 Savage) Language
Year,Artist,Song Title,Reason
2019,DJ Mustard,Pure Water,Language
2012,"DJ Scream ft. Future, 2 Chaniz, Gucci Mane",Hoodrich Anthem,Language
2019,DJ Snake,Loco Contigo ft. J Balvin & Tyga,Drinking / Drugs / Partying
2019,DJ Snake,Taki Taki,Language
2021,DJ Snake,Selfish Love (with Selena Gomez),Sexual Content
2016,Dlow,Bet You Can't Do It Like Me,Sexual Content
2021,DMX,Ruff Ryders' Anthem,Language / Content
2021,DMX,X Gon' Give It To Ya,Language / Content
2016,DNCE,Toothbrush,Sexual Content
2016,DNCE,Cake By The Ocean,Sexual Content
2021,Doja Cat,Say So (feat. Nicki Minaj),Language
2019,Doja Cat,Candy,Language
2021,Doja Cat,Boss Bitch,Language
2021,Doja Cat,I Don't Do Drugs (feat. Ariana Grande),Language
2021,Doja Cat,Payday (feat. Young Thug),Language
2021,Doja Cat,Streets,Language
2021,Doja Cat,Ain't Sh*t,Language / Content
2021,Doja Cat,Been Like This,Language / Content
2021,Doja Cat,Freak,Language / Content
2021,Doja Cat,Get Into It (Yuh),Language / Content
2021,Doja Cat,Kiss Me More (feat. SZA),Language / Content
2021,Doja Cat,Like That (feat. Gucci Mane),Language / Content
2021,Doja Cat,Need To Know,Language / Content
2021,Doja Cat,Woman,Language / Content
2021,Doja Cat,Naked,Sexual Content
2020,Doja Cat & Tyga,Juicy,Language / Content
2021,"Doja Cat, The Weeknd",You Right,Language / Content
2019,Dominic Fike,3 Nights,Language
2021,Don Toliver,After Party,Drinking / Drugs / Partying
2021,Don Toliver,Cardigan,Language / Content
Year,Artist,Song Title,Reason
2021,Don Toliver,Had Enough (feat. Quavo & Offset),Language / Content
2021,Don Toliver,No Idea,Language / Content
2021,Don Toliver,What You Need,Sexual Content
2015,Dozay,Salsa,Language / Content
2011,Dr. Dre feat. Eminem and Skylar Grey,I Need A Doctor,Language
2016,Drake,Controlla [ft popcaan],Drinking / Drugs / Partying
2014,Drake,0 to 100 / The Catch Up,Language
2015,Drake,Back to Back,Language
2017,Drake,Fake Love,Language
2018,Drake,God's Plan,Language
2011,Drake,Headlines,Language
2018,Drake,In My Feelings,Language
2019,Drake,Money In The Grave,Language
2018,Drake,Nice For What,Language
2018,Drake,Nonstop,Language
2016,Drake,Right Hand,Language
2013,Drake,Started From The Bottom,Language
2014,Drake,The Language,Language
2021,Drake,When To Say When,Language
2021,Drake,Demons (feat. Fivio Foreign & Sosa Geek),Language
2021,Drake,Not You Too (feat. Chris Brown),Language
2021,Drake,Time Flies,Language
2021,Drake,Deep Pockets,Language
2021,Drake,Desires (with Future),Language
2021,Drake,Landed,Language
2021,Drake,Lemon Pepper Freestyle (feat. Rick Ross),Language
2021,Drake,Pain 1993 (with Playboi Carti),Language / Content
2021,Drake,Wants and Needs (feat. Lil Baby),Language / Content
2021,Drake,War,Language / Content
2021,Drake,What's Next,Language / Content
Year,Artist,Song Title,Reason
2021,Drake,Chicago Freestyle (feat. Giveon),Language / Content
2021,Drake,From Florida With Love,Language / Content
2021,Drake,Losses,Language / Content
2015,Drake,Hotline Bling,Sexual Content
2018,Drake,I'm Upset,Sexual Content
2014,Drake,Worst Behavior,Language
2020,Drake,Toosie Slide,Language
2016,Drake & Future,Big Rings,Language
2016,Drake & Future,Jumpman,Language
2016,Drake & Future,Where Ya At,Language
2012,Drake feat. Lil Wayne,The Motto,Language
2013,Drake feat. Majid Jordan,"Hold On, We're Going Home",Language
2012,Drake feat. Rihanna,Take Care,Content - Sad
2016,Drake feat. Rihanna,Too Good,Sexual Content
2016,Drake feat. The Throne,Pop Style,Language
2020,Drake Featuring Lil Durk,Laugh Now Cry Later,Language / Content
2014,Drake ft. 2 chaniz & Big Sean,All Me,Language
2011,Drake ft. Alicia Keys,Un-Thinkable (I'm Ready),Language
2021,"Drake, WizKid, Kyla",One Dance,Drinking / Drugs / Partying
2021,Dream,Mask,Language
2021,DripReport,Skechers,Language / Content
2019,Dua Lipa,Don't Start Now,content - sad
2021,Dua Lipa,We're Good,Language/content - sad
2018,Dua Lipa,New Rules,content - sad
2016,Dua Lipa,Blow Your Mind (Mwah),Language
2018,Dua Lipa,IDGAF,Language
2021,Dua Lipa,Levitating (feat. DaBaby),Language
2021,Dua Lipa,Good In Bed,Sexual Content
2021,Dua Lipa,Hallucinate,Sexual Content
2021,Dua Lipa,Physical,Sexual Content
2021,Eminem,Little Engine Language / Content
2021,Eminem,Lock It Up (feat. Anderson .Paak) Language / Content
2021,Eminem,Marsh Language / Content
2021,Eminem,Never Love Again Language / Content
2021,Eminem,No Regrets (feat. Don Toliver) Language / Content
2021,Eminem,Premonition - Intro Language / Content
2021,Eminem,Stepdad Language / Content
2021,Eminem,The Real Slim Shady Language / Content
2021,Eminem,Those Kinda Nights (feat. Ed Sheeran) Language / Content
2021,Eminem,Unaccommodating (feat. Young M.A) Language / Content
2021,Eminem,"Yah Yah (feat. Royce Da 5'9"", Black Thought, Q-Tip & Language / Content"
2021,Eminem,"You Gon' Learn (feat. Royce Da 5'9"" & White Gold) Language / Content"
2021,Eminem,In Too Deep Sexual Content
2021,Eminem,Alfred - Interlude Violence
2020,Eminem Featuring Juice WRLD,Godzilla Language / Content
2014,Eminem ft. Rihanna,The Monster Language / Content
2015,"Empire Cast, Jussie Smollett & Pitbull",No Doubt About It Drinking / Drugs / Partying
2014,Enrique Iglesias,Bailando Drinking / Drugs / Partying
2011,Enrique Iglesias feat. Ludacris and DJ Frank E,Tonight (I'm Lovin' You) Sexual Content
2014,Enrique Iglesias ft. Pitbull,I'm a Freak Language / Content
2011,Enrique Iglesias ft. Usher & Lil Wayne,Dirty Dancer Sexual Content
2014,Eric Church,Cold One Drinking / Drugs / Partying
2012,Eric Church,Drink in my Hand Drinking / Drugs / Partying
2010,Eric Church,Smoke a little smoke Drinking / Drugs / Partying
2019,EXCE$$,Bustdown Language
2011,Far East Movement feat. Cataracs and Dev,Like A G6 Drinking / Drugs / Partying
Year,Artist,Song Title,Reason
2019,Fergie,A Little Party Never Killed Nobody,Drinking / Drugs / Partying
2014,Fergie,L.A. Love (La La),Language / Content
2015,Fetty Wap,Free Gucci,Language
2016,Fetty Wap,Again,Language / Content
2015,Fetty Wap,Trap Queen,Language / Content
2016,Fetty Wap feat. Remy Boyz,679,Language / Content
2015,Fetty Wap ft. Monty,My Way,Language
2014,Fifth Harmony,Bo$$,Language
2016,Fifth Harmony feat. Fetty Wap,All In My Head (Flex),Sexual Content
2016,Fifth Harmony feat. Ty Dolla $ign,Work From Home,Sexual Content
2019,FILV & Edmofo feat. Emma Peters,Clandestina,Drinking / Drugs / Partying
2020,Finese 2Tymes,Goin Straight In,Language / Content
2015,Five Finger Death Punch,Wrong Side of Heaven,Religion
2019,"Flipp Dinero, Young Forever & Cast Beats",Leave me Alone,Language / Content
2014,Flo Rida,How I Feel,Drinking / Drugs / Partying
2012,Flo Rida,Whistle,Sexual Content
2012,Flo Rida,I Cry,Violence
2012,Flo Rida,Wild Ones (feat. Sia),Language
2015,Flo Rida f./Robin Thicke & Verdine White,"I Don't Like It, I Love It",Sexual Content
2015,Flo Rida f./Sage The Gemini,GDFR (Goin' Down For Real),Sexual Content
2016,Flo Rida ft Jason Derulo,Hello Friday,Drinking / Drugs / Partying
2014,Florida Georgia Line,Stay,Content - Sad
2016,Florida Georgia Line,Confession,Content - Sad
2015,Florida Georgia Line,Sun Daze,Drinking / Drugs / Partying
2013,Florida Georgia Line,Get Your Shine On,Sexual Content
2013,Florida Georgia Line feat. Nelly,Cruise,Sexual Content
2014,Florida Georgia Line Ft Luke Bryan,This Is How We Roll,Drinking / Drugs / Partying
2016,Flume f./Tove Lo,Say It,Drinking / Drugs / Partying
2016,Flume feat. Kai,Never Be Like You,Language / Content
2015,Foo Fighters,Something from Nothing,Language
Year,Artist,Song Title,Reason
2011,Foster The People,Pumped Up Kicks,Violence
2021,Foushee,Deep End,Language / Content
"",Frankie Goes To Hollywood,Relax,Sexual Content
2011,FreeSol ft. Justin Timberlake,Fascinated,Sexual Content
2019,French Montana,Writing On The Wall  ft. Post Malone & Cardi B,Language / Content
2019,French Montana,No Stylist,Language
2019,Freya Ridings,Castles,Content - Sad
2013,fun.,Some Nights,Language
2012,fun. feat. Janelle Monae,We Are Young,Drinking / Drugs / Partying
2014,Fuse ODG,Million Pound Girl,Sexual Content
2015,Future,F*ck Up Some Commas,Language
2012,Future,Neva End,Language
2019,Future,Promise U That,Language
2012,Future,Same Damn Time,Language
2016,Future,Wicked,Language
2019,Future,Jumpin on a Jet,Language
2019,Future,Faceshot,Language / Content
2021,Future,All Bad (feat. Lil Uzi Vert),Language / Content
2021,Future,Solitaires (feat. Travis Scott),Language / Content
2021,Future,Trillionaire (feat. Youngboy Never Broke Again),Language / Content
2019,Future,Fine China,Violence
2019,Future,Crushed Up,Language
2019,Future,First Off,Language
2016,Future feat. The Weeknd,Low Life,Language
2020,Future Featuring Drake,Life Is Good,Language / Content
2014,Future ft. Kanye West,I won,Language / Content
2014,"Future ft. Pharrell, Pusha T & Casino",Move that Dope,Language
2021,"Future, Drake, Young Thug",D4L,Language / Content
2021,"Future, Lil Uzi Vert",Drankin N Smokin,Language / Content
2021,"Future, Lil Uzi Vert",Over Your Head,Language / Content
Year,Artist,Song Title,Reason
2021,"Future, Lil Uzi Vert",Stripes Like Burberry,Language / Content
2021,"Future, Lil Uzi Vert",That's It,Language / Content
2018,G-Eazy,Him & I,Language
2018,G-Eazy,No Limit,Language / Content
2021,G-Eazy,Hate The Way (feat. blackbear),Language / Content
2021,G-Eazy,Still Be Friends (feat. Tory Lanez & Tyga),Language / Content
2016,G-Eazy f./Marc E. Bassy,Some Kind Of Drug,Language / Content
2015,G-Eazy ft. Remo,I Mean It,Language
2016,G-Eazy X Bebe Rexha,"Me, Myself & I",Language
2019,"Gesaffelstein, The Weeknd",Lost in the Fire,Language / Content
2019,Ghoss,Cut Up,Language
2014,Gipp Fe. Cee Lo Green,Shine Like Gold,Sexual Content
2016,gnash feat. Olivia O'Brien,I Hate U I Love U,Sexual Content
2021,Go_A,SHUM,Drinking / Drugs / Partying
2016,Good Charlotte,Life Can't Get Much Better,Content - Sad
2012,Gucci Mane,Bussin Juugs,Language
2011,Gucci Mane,Gucci Time,Language
2011,Gucci Mane,Lemonade,Language
2019,Gucci Mane,Wake Up in the Sky,Language / Content
2018,Gucci Mane feat. Migos,I Get The Bag,Language
2021,Gunna,SKYBOX,Drinking / Drugs / Partying
2021,Gunna,COOLER THAN A BITCH (feat. Roddy Ricch),Language / Content
2021,Gunna,DOLLAZ ON MY HEAD (feat. Young Thug),Language / Content
2021,Gunna,TOP FLOOR (feat. Travis Scott),Language / Content
2021,Gunna,WUNNA,Language / Content
2015,Gwen Stefani,Spark The Fire,Sexual Content
2021,Gym Class Heroes,Cupid's Chokehold / Breakfast in America,Sexual Content
2012,Gym Class Heroes feat. Adam Levine,Stereo Hearts,Language
2012,Gym Class Heroes feat. Neon Hitch,Ass Back Home,Language
2021,Gzuz,Donuts,Language
Year,Artist,Song Title,Reason
2020,H.E.R. Featuring YG,Slide,Language
2016,Hailee Steinfeld and Grey feat. Zedd,Starving,Sexual Content
2019,Halsey,Graveyard,Content - Sad
2018,Halsey,Bad At Love,Content - Sad
2016,Halsey,Colors,Drinking / Drugs / Partying
2015,Halsey,New Americana,Drinking / Drugs / Partying
2019,Halsey,Without Me,Language / Content
2020,Halsey,You Should Be Sad,Language / Content
2021,Harry Styles,Golden,Content - Sad
2020,Harry Styles,Adore You,Sexual Content
2020,Harry Styles,Watermelon Sugar,Sexual Content
2019,Havana,I Lost You ft. Yaar [Arabic/English],Content - Sad
2012,Havana Brown,We Run the Night (feat. Pitbull),Language
2021,Headie One,Ain't It Different (feat. AJ Tracey & Stormzy),Language / Content
2019,"Headie One, Dave",18Hunna,Language
2021,"Headie One, Drake",Only You Freestyle,Language
2016,Hey Violet,Guys My Age,Sexual Content
2014,Hilary Duff,All About You,Sexual Content
2021,Hippie Sabotage,Devil Eyes,Content - Sensitive Topic
2014,Hoodie Allen ft Ed Sheeran,All About It,Language / Content
2013,Hot Chelle Rae,Hung Up,Content - Sad
2011,Hot Chelle Rae,I Like it Like That,Drinking / Drugs / Partying
2011,Hot Chelle Rae,Tonight Tonight,Drinking / Drugs / Partying
2014,Hot Chelle Rae,Don't Say Goodnight,Drinking / Drugs / Partying
2009,Huey,Pop Lock and Drop It,Sexual Content
2014,Hunter Hayes,Tattoo,Sexual Content
2021,HVME,Goosebumps,Language / Content
2014,I Love Makonnen ft Drake,Tuesday,Language / Content
2021,iann dior,Prospect (ft. Lil Baby),Language / Content
2014,Icona Pop,Just another Night,Drinking / Drugs / Partying
Year,Artist,Song Title,Reason
2015,Icona Pop,Emergency,Language / Content
2013,Icona Pop feat. Charli XCX,I Love It,Language / Content
2014,Iggy Azalea,Fancy (feat. Charli XCX),Language
2016,Iggy Azalea,Team,Language
2015,Iggy Azalea & Britney Spears,Pretty Girls,Drinking / Drugs / Partying
2014,Iggy Azalea Ft Rita Ora,Black Widow,Language
2015,Iggy Azalea ft. Jennifer Hudson,Trouble,Language
2014,Iggy Azalea ft. MO,Beg For It,Sexual Content
2019,Ilkay Sencan,Do It,Sexual Content
2021,Internet Money,"His & Hers (feat. Don Toliver, Lil Uzi Vert & Gunna)",Language / Content
2021,"Internet Money, Diplo",Blastoff (feat. Juice Wrld & Trippie Redd),Language / Content
2021,"Internet Money, Gunna, Don Toliver, NAV",Lemonade,Language / Content
2019,Isabela Meced,Papi,Sexual Content
2014,Itch,Another Man,Content - Sad
2021,IU,eight (Prod.& Feat. SUGA of BTS),Content - Sad
2021,J. Cole,9 5 . s o u t h,Language
2015,J. Cole,Apparently,Language
2016,J. Cole,No Role Modelz,Language
2012,J. Cole,Work Out,Language
2021,J. Cole,1 0 0 . m i l  (with Bas),Language
2021,J. Cole,i n t e r l u d e,Language
2021,J. Cole,a m a r i,Language / Content
2021,J. Cole,a p p l y i n g . p r e s s u r e,Language / Content
2021,J. Cole,c l o s e,Language / Content
2021,J. Cole,h u n g e r . o n . h i l l s i d e (with Bas),Language / Content
2021,J. Cole,l e t . g o . m y . h a n d (with Bas & 6LACK),Language / Content
2021,J. Cole,Lion King On Ice,Language / Content
2021,J. Cole,m y . l i f e (with 21 Savage & Morray),Language / Content
2021,J. Cole,MIDDLE CHILD,Language / Content
2021,J. Cole,p r i d e . i s . t h e . d e v i l (with Lil Baby),Language / Content
Year,Artist,Song Title,Reason
2014,Jason Derulo,Trumpets,Sexual Content
2016,Jason Derulo,Want to Want Me,Sexual Content
2014,Jason Derulo ft. 2 Chainz,Talk Dirty,Sexual Content
2014,Jason Derulo ft. Snoop Dogg,Wiggle,Sexual Content
2021,"Jason Derulo, Maroon 5",Lifestyle (feat. Adam Levine),Language / Content
2020,Jawsh 685 x Jason Derulo,Savage Love (Laxed - Siren Beat),Language / Content
2017,Jax Jones,You Don't Know,Language
2019,Jax Jones feat. Bebe Rexha,Harder,Sexual Content
2018,Jay Rock,King's Dead,Language
2011,Jay Sean ft. Lil Wayne,Hit the Lights,Language
2011,Jay Z and Kanye West,H.A.M.,Language
2012,Jay Z and Kanye West,Ni**as In Paris,Language
2011,Jay Z and Kanye West,Otis,Language
2011,Jay Z and Kanye West ft Mr Hudson,Why I love you So,Language
2013,Jay Z feat. Justin Timberlake,Holy Grail,Language
2010,Jay z ft. Rihanna & Kanye West,Run this Town,Language
2016,Jennifer Lopez,Ain't Your Mama,Sexual Content
2011,Jennifer Lopez feat. Pitbull,On The Floor,Language / Content
2011,Jennifer Lopez feat. Pitbull,Fresh Out the Oven,Sexual Content
2011,Jennifer Lopez ft. Lil Wayne,I'm Into You,Sexual Content
2016,Jeremih,Oui,Language
2011,Jeremih feat. 50 Cent,Down On Me,Sexual Content
2014,Jeremih Feat. YG,Don't Tell 'Em,Language
2014,Jerrod Niemann,Drink to that all Night,Drinking / Drugs / Partying
2014,Jerrod Niemann,Donkey,Sexual Content
2014,Jesse McCartney,Superbad,Sexual Content
2015,Jessie J,Masterpiece,Language
2013,Jessie J,It's My Party,Language
2012,Jessie J,Domino,Sexual Content
2015,Jessie J feat. 2 Chainz,Burnin' Up,Sexual Content
Year,Artist,Song Title,Reason
2011,Jessie J feat. B.O.B,Price Tag,Language
2013,Jessie J ft. Big Sean,Wild,Language
2014,"Jessie J, Ariana Grande & Nicki Minaj",Bang Bang,Sexual Content
2021,Jhené Aiko,B.S. (feat. H.E.R.),Language
2020,Jhene Aiko,P*$$y Fairy (OTW),Language / Content
2015,Jidenna ft. Roman Gian Arthur,Classic Man,Language
2015,Jimi Jiles & DJ Ricky Ricardo f./Blackout,Turn Up Or Nah,Language
2011,Joe Jonas ft. Lil Wayne,Just in Love,Content - Sad
2016,John Legend,Love Me Now (Radio Edit),Content - Sad
1978,John Travolta & Olivia Newton-John,The Grease MegaMix,Sexual Content
2021,Joji,Tick Tock,Content - Sad
2019,Joji,Slow Dancing in the Dark,Language
2021,Joji,Your Man,language / Content
2021,Joji,Pretty Boy (feat. Lil Yachty),Language / Content
2021,"Joji, Diplo",Daylight,Language / Content
2016,JoJo ft Wiz Khalifa,No Apologies,Language
2016,Jon Bellion,All Time Low,Language
2013,Jon Pardi,Up All Night,Sexual Content
2021,Jonas Brothers,Sucker,Sexual Content
2021,Jonas Brothers,X (with KAROL G),Sexual Content
2020,Jonas Brothers,Only Human,Drinking / Drugs / Partying
2013,Jonn Hart ft. IamSU,Who Booty,Language / Content
2019,Jordan Davis,Take It From Me,Sexual Content
2019,Jorja Smith,Be Honest ft. Burna Boy,Sexual Content
2021,"Joyner Lucas, Lil Baby",Ramen & OJ,Language / Content
2021,Juice WRLD,Bad Energy,Drinking / Drugs / Partying
2021,Juice WRLD,Righteous,Drinking / Drugs / Partying
2021,Juice WRLD,Anxiety - Intro,Language
2019,Juice WRLD,Armed And Dangerous,Language
2019,Juice WRLD,Bandit (with YoungBoy Never Broke Again),Language
Year,Artist,Song Title,Reason
2019,Juice WRLD,Black & White,Language
2019,Juice WRLD,Fast,Language
2019,Juice WRLD,Let Me Know (I Wonder Why Freestyle),Language
2019,Juice WRLD,Robbery,Language
2021,Juice WRLD,Real Sh*t (with benny blanco),Language
2021,Juice WRLD,"The Man, The Myth, The Legend - Interlude",Language
2019,Juice WRLD,Empty,Language / Content
2019,Juice WRLD,Hear Me Calling,Language / Content
2019,Juice WRLD,Lean Wit Me,Language / Content
2019,Juice WRLD,Legends,Language / Content
2019,Juice WRLD,Lucid Dreams,Language / Content
2019,Juice WRLD,Wasted (feat. Lil Uzi Vert),Language / Content
2021,Juice WRLD,734,Language / Content
2021,Juice WRLD,All Girls Are The Same,Language / Content
2021,Juice WRLD,Bad Boy (with Young Thug),Language / Content
2021,Juice WRLD,Blood On My Jeans,Language / Content
2021,Juice WRLD,Can't Die,Language / Content
2021,Juice WRLD,Conversations,Language / Content
2021,Juice WRLD,Fighting Demons,Language / Content
2021,Juice WRLD,I Want It,Language / Content
2021,Juice WRLD,Life's A Mess (feat. Halsey),Language / Content
2021,Juice WRLD,Life's A Mess II (with Clever & Post Malone),Language / Content
2021,Juice WRLD,Man Of The Year,Language / Content
2021,Juice WRLD,Screw Juice,Language / Content
2021,Juice WRLD,Smile (with The Weeknd),Language / Content
2021,Juice WRLD,Stay High,Language / Content
2021,Juice WRLD,Tell Me U Luv Me (with Trippie Redd),Language / Content
2021,Juice WRLD,Titanic,Language / Content
2021,Juice WRLD,Up Up And Away,Language / Content
2021,Juice WRLD,Wishing Well,Language / Content
Year,Artist,Song Title,Reason
2021,K CAMP,Lottery (Renegade),Language
2019,DJ Khaled,Saturday Night,Drinking / Drugs / Partying
2015,Kalin & Myles,Trampoline,Sexual Content
2014,Kalin and Myles,Love Robbery,Violence
2019,Kane Brown,Good as You,Language
2020,Kane Brown ft. Lauren Alaina,What If,Sexual Content
2020,Kane Brown With Swae Lee & Khalid,Be Like That,Language
2021,"Kane Brown, blackbear",Memory,Language / Content
2013,Kanye West,Black Skinhead,Language
2013,Kanye West,New Slaves,Language / Content
2012,Kanye West & Pusha T,New God Flow,Language / Content
2016,Kanye West f./Ty Dolla $ign & Post Malone,Fade,Language
2011,Kanye West ft. DJ Khaled,Cold,Language
2010,Kanye West Ft. Dwele,Power,Language
2010,Kanye West ft. Mr Hudson,Paranoid,Language
2011,Kanye West Ft. Raekwon & Justin Bieber,Runaway,Language
2010,"Kanye West Ft. Rick Ross, JayZ, Bon Iver & Nicki Minaj",Monster,Language
2016,Kanye West ft. Rihanna & Swiss Beatz,Famous,Language / Content
2011,"Kanye West Ft. Rihanna, Alicia Keys",All Of The Lights,Language / Content
2012,"Kanye West, Big Sean, Pusha T, 2 Chainz",Mercy,Language / Content
2012,"Kanye West, Jay-Z, Big Sean",Clique,Language
2021,"Kanye West, Travis Scott",Wash Us In The Blood,Language / Content
2014,Karmin,Brokenhearted,Content - Sad
2020,Karol G & Nicki Minaj,Tusa,Sexual Content
2014,Kat Dahlia,Crazy,Language
2021,Katy Perry,Daisies,Content - Sad
2021,Katy Perry,Cry About It Later,Drinking / Drugs / Partying
2011,Katy Perry,Last Friday Night (T.G.I.F.),Drinking / Drugs / Partying
2012,Katy Perry,The One That Got Away,Drinking / Drugs / Partying
2014,Katy Perry,This Is How We Do,Drinking / Drugs / Partying
Year,Artist,Song Title,Reason
2020,Katy Perry,Only Love,Language
2011,Katy Perry,Teenage Dream,Sexual Content
2014,Katy Perry,Birthday,Sexual Content
2011,Katy Perry feat. Kanye West,E.T.,Sexual Content
2014,Katy Perry ft. Juicy J,Dark Horse,Violence
2010,Katy Perry ft. Snoop Dogg,California Gurls,Sexual Content
2013,Katy Tiz,Red Cup,Drinking / Drugs / Partying
2012,Katy Tiz,Famous,Language / Content
2012,Ke$ha,Blow,Drinking / Drugs / Partying
2011,Ke$ha,C'mon,Drinking / Drugs / Partying
2011,Ke$ha,TiK ToK,Drinking / Drugs / Partying
2011,Ke$Ha,We R Who We R,Drinking / Drugs / Partying
2012,Ke$ha,Die Young,Sexual Content
2010,Ke$ha ft. 3OH3,Blah Blah Blah,Language / Content
2015,Keep Your Money,Jussie Smollett,Violence
2015,Kehlani,FWU,Language
2021,Kehlani,Can I,Language / Content
2019,Kehlani feat. Ty Dolla $ign,Nights Like This,Content - Sad
2012,Kelly Rowland ft. Lil Wayne,Ice,Language / Content
2016,Kelsea Ballerini,Dibs,Sexual Content
2018,Kendrick Lamar,All The Stars,Language
2014,Kendrick Lamar,I,Language / Content
2013,Kendrick Lamar,Swimming Pools (Drank),Language / Content
2020,Kendrick Lamar,"Sing About Me, I'm Dying of Thirst",Language / Content
2012,Kendrick Lamar Ft. Dr Dre,The Recipe,Language / Content
2011,Kendrick Lamar Ft. Drake,Poetic Justice,Language
2021,"Kendrick Lamar, Jay Rock",Money Trees,Language / Content
2014,Kenny Chesney,American Kid,Drinking / Drugs / Partying
2012,Kenny Chesney & Tim McGraw,Feel like a Rock Star,Drinking / Drugs / Partying
2011,Kenny Chesney feat. Grace Potter,You And Tequila,Drinking / Drugs / Partying
Year,Artist,Song Title,Reason
2021,Lauv,Modern Loneliness,Language / Content
2021,Lauv,I Like Me Better,Sexual Content
2021,"Lauv, Conan Gray",Fake,Language / Content
2021,"Lauv, LANY",Mean It,Sexual Content
2021,"Lauv, Troye Sivan",i'm so tired...,Drinking / Drugs / Partying
2020,Lee Brice,One Of Them Girls,Sexual Content
2019,Liam Payne,Stack it Up t. A Boogie wit da Hoodie,Language / content
2019,Lil Baby,Close Friends,Language
2018,Lil Baby,Yes Indeed,Language
2019,Lil Baby,Pure Cocaine,Language / content
2021,Lil Baby,Commercial (feat. Lil Uzi Vert),Language / Content
2021,Lil Baby,Errbody,Language / Content
2021,Lil Baby,Heatin Up (feat. Gunna),Language / Content
2021,Lil Baby,Live Off My Closet (feat. Future),Language / Content
2021,Lil Baby,Real As It Gets (feat. EST Gee),Language / Content
2019,Lil Baby,Drip Too Hard,Language / content
2020,Lil Baby,Emotionally Scarred,Language / Content
2020,Lil Baby,Sum 2 Prove,Language / Content
2020,Lil Baby,The Bigger Picture,Language / Content
2020,Lil Baby,Woah,Language / Content
2020,Lil Baby & 42 Dugg,We Paid,Language / Content
2021,"Lil Baby, Lil Durk",Hats Off (feat. Travis Scott),Language / Content
2021,"Lil Baby, Lil Durk",Voice of the Heroes,Language / Content
2018,Lil Dicky,Freaky Friday (feat. Chris Brown),Language
2016,Lil Dicky feat. Fetty Wap & Rich Homie Quan,$ave Dat Money,Language
2014,Lil Jon Fe. Tyga,Bend Ova,Language / content
2010,Lil Jon ft. LMFAO,Drink,Language / content
2021,Lil Mosey,Stuck In A Dream (feat. Gunna),Language / Content
2020,Lil Mosey,Blueberry Faygo,Language / Content
2020,Lil Nas X,old town road [ft Billy Ray Cyrus],Language
Year,Artist,Song Title,Reason
2021,Lil Nas X,INDUSTRY BABY (feat. Jack Harlow),Language
2020,Lil Nas X,Holiday,Language / Content
2021,Lil Nas X,Montero (Call Me By Your Name),Language / Content
2021,Lil Nas X,Sun goes Down,Language / Content
2021,Lil Peep,Star Shopping,Language
2018,Lil Pump,Gucci Gang,Language / content
2019,Lil Pump,Butterfly Doors,Language / content
2019,Lil Skies,Real Ties,Language / content
2019,Lil Tecca,Ransom,Language
2021,Lil Tecca,Dolly (with Lil Uzi Vert),Language / Content
2021,Lil Tecca,NEVER LEFT,Language / Content
2021,Lil Tjay,Headshot (feat. Polo G & Fivio Foreign),Language / Content
2021,Lil Tjay,Run It Up (feat. Offset & Moneybagg Yo),Language / Content
2021,Lil Tjay,Zoo York (feat. Fivio Foreign & Pop Smoke),Language / Content
2021,"Lil Tjay, 6LACK",Calling My Phone,Language / Content
2021,Lil Uzi Vert,Baby Pluto,Language / Content
2021,Lil Uzi Vert,Bean (Kobe) [feat. Chief Keef],Language / Content
2021,Lil Uzi Vert,Bigger Than Life,Language / Content
2021,Lil Uzi Vert,Bust Me,Language / Content
2021,Lil Uzi Vert,Celebration Station,Language / Content
2021,Lil Uzi Vert,Chrome Heart Tags,Language / Content
2021,Lil Uzi Vert,Futsal Shuffle 2020,Language / Content
2021,Lil Uzi Vert,Got The Guap (feat. Young Thug),Language / Content
2021,Lil Uzi Vert,Homecoming,Language / Content
2021,Lil Uzi Vert,I Can Show You,Language / Content
2021,Lil Uzi Vert,I'm Sorry,Language / Content
2021,Lil Uzi Vert,Leaders (feat. NAV),Language / Content
2021,Lil Uzi Vert,Lo Mein,Language / Content
2021,Lil Uzi Vert,Lotus,Language / Content
2021,Lil Uzi Vert,Moon Relate,Language / Content
Year,Artist,Song Title,Reason
2012,Luke Bryan,Drunk On You,Drinking / Drugs / Partying
2011,Luke Bryan,Country Girl (Shake It For Me),Sexual Content
2019,Luke Bryan,Knockin' Boots,Sexual Content
2013,Luke Bryan,That's My Kind Of Night,Sexual Content
2019,Luke Bryan,What Makes you Country,Violence
2020,Luke Bryan,One Margarita,Drinking / Drugs / Partying
2016,Luke Bryan feat. Karen Fairchild,Home Alone Tonight,Drinking / Drugs / Partying
2020,Luke Combs,Lovin' On You,Drinking / Drugs / Partying
2019,Luke Combs,Beer Never Broke My Heart,Drinking / Drugs / Partying
2020,Luke Combs,Even Though I'm Leaving,Religion
2020,Luke Combs Featuring Eric Church,Does To Me,Drinking / Drugs / Partying
2015,LunchMoney Lewis,Bills,Language
2012,Lupe Fiasco,Bitch Bad,Language
2011,Lupe Fiasco,The Show Goes On,Language
2012,Lupe Fiasco,Around My Way,Language / Content
2012,Lupe Fiasco & Guy Sebastian,Battle Scars,Content - Sad
2013,Lupe Fiasco ft. Ed Sheeran,Old School Love,Language
2011,Lupe fiasco ft. Patrick Stump,This City,Drinking / Drugs / Partying
2021,Mabel,Don't Call Me Up,Language / Content
2021,Mac Miller,That's On Me,Content - Sad
2021,Mac Miller,Woods,Content - Sad
2021,Mac Miller,Good News,Drinking / Drugs / Partying
2021,Mac Miller,Once A Day,Drinking / Drugs / Partying
2021,Mac Miller,Blue World,Language
2021,Mac Miller,Complicated,Language
2021,Mac Miller,Everybody,Language
2021,Mac Miller,Hands,Language
2021,Mac Miller,Surf,Language
2021,Mac Miller,Hand Me Downs,Language / Content
2021,Mac Miller,I Can See,Religion
Year,Artist,Song Title,Reason
2013,Mariah Carey feat. Miguel,"#Beautiful",Language
2011,Mariah Carey ft. Nicki Minaj,Up Out my Face,Language
2021,MARINA,Bubblegum Bitch,Language / Content
2020,Mario Judah,Die Very Rough,Language
2015,Mark Ronson f./Mystikal,Feel Right,Language
2015,Mark Ronson ft. Bruno Mars,Uptown Funk,Language
2013,Maroon 5,Love Somebody,Drinking / Drugs / Partying
2015,Maroon 5,This Summer's Gonna Hurt,Language
2015,Maroon 5,Sugar,Language / Content
2021,Maroon 5,Beautiful Mistakes (feat. Megan Thee Stallion),Sexual Content
2021,Maroon 5,Nobody's Love,Sexual Content
2015,Maroon 5,Animals,Sexual Content
2013,Maroon 5,One More Night,Sexual Content
2020,Maroon 5,Memories,Drinking / Drugs / Partying
2016,Maroon 5 f./Kendrick Lamar,Don't Wanna Know,Sexual Content
2011,Maroon 5 feat. Christina Aguilera,Moves Like Jagger,Sexual Content
2012,Maroon 5 feat. Wiz Khalifa,Payphone,Language
2020,Maroon 5 ft. Cardi B,Girls Like You,Language / Content
2021,Marshmello,Be Kind (with Halsey),content - Sad
2018,Marshmello,Friends,Content - Sad
2021,"Marshmello, Demi Lovato",OK Not To Be OK,content - Sad
2021,Martin Garrix,Drown (feat. Clinton Kane),Content - Sad
2019,Martin Garrix,Used To Love (with Dean Lewis),Content - Sad
2014,Martin Garrix,Animals,Language
2021,Martin Garrix,Pressure (feat. Tove Lo),Sexual Content
2012,Mary J. Blige ft. Rick Ross,Why,Language
2014,Mary Lambert Ft  B O B,Secrets,Language / Content
2021,Masked Wolf,Astronaut In The Ocean,Language / Content
2021,MAX,Blueberry Eyes (feat. SUGA of BTS),Sexual Content
2018,MAX,Lights Down Low,Sexual Content
Year,Artist,Song Title,Reason
2015,Max f./Hoodie Allen,Gibberish,Language / Content
2021,MEDUZA,Paradise (feat. Dermot Kennedy),Content - Sad
2021,"MEDUZA, Becky Hill, Goodboys",Lose Control,Content - Sad
2021,"MEDUZA, Goodboys",Piece Of Your Heart,Sexual Content
2021,Meek Mill,Going Bad (feat. Drake),Language / Content
2015,Meek Mill ft. Chris Brown & Nicki Minaj,All eyes on You,Language
2021,Megan Thee Stallion,B.I.T.C.H.,Language
2019,Megan Thee Stallion,Hot Girl Summer ft. Nicki Minaj & Ty Dolla $ign,Language
2021,Megan Thee Stallion,Cry Baby (feat. DaBaby),Language / Content
2021,Megan Thee Stallion,Diamonds (with Normani),Language / Content
2021,Megan Thee Stallion,Girls in the Hood,Language / Content
2021,Megan Thee Stallion,Thot Sh*t,Language / Content
2019,Megan Thee Stallion,Cash Sh*t ft. DaBaby,Language
2020,Megan Thee Stallion,Savage,Language / Content
2015,Meghan Trainor,All about that Bass,Language
2015,Meghan Trainor,Dear Future Husband,Sexual Content
2016,Meghan Trainor,No,Sexual Content
2015,Melanie Marinez,Dollhouse,Drinking / Drugs / Partying
2021,Melanie Martinez,Play Date,Language / Content
2019,Metro Boomin,Space Cadet,Language / Content
2018,Migos,Stir Fry,Language
2018,Migos,Walk It Talk It,Language
2021,Migos,Avalanche,Language / Content
2021,Migos,Having Our Way (feat. Drake),Language / Content
2021,Migos,Malibu (feat. Polo G),Language / Content
2021,Migos,Modern Day,Language / Content
2021,Migos,Racks 2 Skinny,Language / Content
2021,Migos,Straightenin,Language / Content
2017,Migos f/ Lil Uzi Vert,Bad and Boujee,Language
2021,"Migos, Travis Scott, Young Thug",Give No Fxk,Language / Content
Year,Artist,Song Title,Reason
2011,Miguel,Sure Thing,Drinking / Drugs / Partying
2018,Miguel,Sky Walker,Language
2012,Miguel,Adorn,Sexual Content
2011,Mike Posner,Please Don't Go,Content - Sad
2016,Mike Posner,I took a Pill in Ibiza,Language / Content
2011,Mike Posner ft. Lil Wayne,Bow chicka Wow Wow,Sexual Content
2014,"Mike Will Made it ft. Miley Cyrus, Wiz Khalifa & Juicy J",23,Language
2013,Miley Cyrus,Wrecking Ball,Content - Sad
2013,Miley Cyrus,We Can't Stop,Language
2021,Miley Cyrus,Prisoner (feat. Dua Lipa),Sexual Content
2021,Miley Cyrus,Midnight Sky,Sexual Content
2015,Milky Chance,Stolen Dance,Drinking / Drugs / Partying
2013,Miranda Lambert,Mama's Broken Heart,Content - Sad
2014,Miranda Lambert,Somethin' Bad,Drinking / Drugs / Partying
2016,Missy Elliott feat. Pharrell Williams,Wtf (Where They From),Language
2015,Mizgin,If I Said I'm In Love (Suicide),Content - Sad
2015,MKTO,Bad Girls,Sexual Content
2015,Modest Mouse,Lampshades On Fire,Drinking / Drugs / Partying
2021,Money Man,24 (feat. Lil Baby),Language / Content
2020,Moneybagg Yo,Said Sum,Language / Content
2021,Morgan Wallen,7 Summers,Drinking / Drugs / Partying
2021,Morgan Wallen,Wasted On You,Drinking / Drugs / Partying
2021,Morgan Wallen,865,Drinking / Drugs / Partying
2019,Morgan Wallen,Whiskey Glasses,Drinking / Drugs / Partying
2020,Morgan Wallen,More Than My Hometown,Drinking / Drugs / Partying
2021,Mother Mother,Hayloft,Violence
2020,Mustard & Roddy Ricch,Ballin',Language / Content
2014,My Crazy Girlfriend,Crazy Stupid Love,Language / Content
2018,N.E.R.D.,Lemon,Language
2015,Nathan Sykes,Kiss Me Quick,Sexual Content
Year,Artist,Song Title,Reason
2016,Nathaniel Rateliff and the Night Sweats,SOB,Language
2021,NAV,Turks (with Gunna & ft. Travis Scott),Language / Content
2016,Neikid,Sexual,Language / Content
2011,Nelly,Just A Dream,Content - Sad
2016,Nelly,Die a Happy Man,Drinking / Drugs / Partying
2013,Nelly,Hey Porsche,Sexual Content
2015,Nelly & Jeremih,The Fix,Sexual Content
2011,Nelly ft. T-Pain & Akon,Move That Body,Sexual Content
2021,"Nelly Furtado, Timbaland",Promiscuous,Sexual Content
2014,Neon Jungle,Braveheart,Language / Content
2012,Neon Trees,Everybody Talks,Drinking / Drugs / Partying
2011,Neon Trees,Animal,Sexual Content
2014,Neon Trees,Sleeping with a Friend,Sexual Content
2010,New Boys ft. Lyaz,Break my Bank,Language
2011,New Boyz feat. The Cataracs and Dev,Backseat,Language / Content
2010,New Boyz ft. Ray J,Tie Me Down,Language / Content
2016,New District,Closer,Sexual Content
2015,Ne-Yo ft. Juicy J,She Knows,Language / Content
2018,NF,Let You Down,Drinking / Drugs / Partying
2019,NF,Time (Extended),Drinking / Drugs / Partying
2021,NF,Clouds,Language
2021,"NF, Hopsin",Lost,Language
2021,Niall Horan,No Judgement,Drinking / Drugs / Partying
2019,Niall Horan,Nice To Meet Ya,Drinking / Drugs / Partying
2020,"Nick Cannon ft. Suge Knight, hitman holla",The Invitation,Language / Content
2016,Nick Fradiani,All On You,Drinking / Drugs / Partying
2016,Nick Fradiani,Get You Home,Sexual Content
2014,Nick Jonas,Jealous,Language
2016,Nick Jonas ft. Ty Dolla $ign,Bacon,Language
2005,Nickelback,Photograph,Content - Sad
2009,Nickelback Burn it to the Ground,,Drinking / Drugs / Partying
2009,Nickelback Rockstar,,Drinking / Drugs / Partying
2010,Nickelback This Afternoon,,Drinking / Drugs / Partying
2014,Nickelback Edge of a Revolution,,Language
2014,Nickelback What Are You Waiting For?,,Language
2015,Nicki Minaj The Night Is Still Young,,Drinking / Drugs / Partying
2011,Nicki Minaj Did it on Em,,Language / Content
2019,Nicki Minaj Good Form,,Language / Content
2014,Nicki Minaj Pills N Potions,,Language / Content
2012,Nicki Minaj Pound The Alarm,,Language / Content
2012,Nicki Minaj Starships,,Language / Content
2011,Nicki Minaj Super Bass,,Language / Content
2010,Nicki Minaj Your Love,,Language / Content
2021,Nicki Minaj Seeing Green (with Drake & Lil Wayne),,Language / Content
2021,Nicki Minaj Yikes,,Language / Content
2012,Nicki Minaj Va Va Voom,,Sexual Content
2014,Nicki Minaj Anaconda [Clean Edit],,Sexual Content
2015,Nicki Minaj f./Skylar Grey Bed Of Lies,,Language
2011,Nicki Minaj feat. Drake Moment 4 Life,,Language / Content
2015,Nicki Minaj ft Beyonce Feeling Myself,,Language / Content
2015,Nicki Minaj ft. Drake & Lil Wayne Truffle Butter,,Language / Content
2015,"Nicki Minaj ft. Drake, Lil Wayne & Chris BrownOnly",,Language / Content
Year,Artist Song Title,,Reason
2009,Nickelback Burn it to the Ground,,Drinking / Drugs / P
2009,Nickelback Rockstar,,Drinking / Drugs / P
2010,Nickelback This Afternoon,,Drinking / Drugs / P
2014,Nickelback Edge of a Revolution,,Language
2014,Nickelback What Are You Waiting For?,,Language
2015,Nicki Minaj The Night Is Still Young,,Drinking / Drugs / P
2011,Nicki Minaj Did it on Em,,Language / Content
2019,Nicki Minaj Good Form,,Language / Content
2014,Nicki Minaj Pills N Potions,,Language / Content
2012,Nicki Minaj Pound The Alarm,,Language / Content
2012,Nicki Minaj Starships,,Language / Content
2011,Nicki Minaj Super Bass,,Language / Content
2010,Nicki Minaj Your Love,,Language / Content
2021,Nicki Minaj Seeing Green (with Drake & Lil Wayne),,Language / Content
2021,Nicki Minaj Yikes,,Language / Content
2012,Nicki Minaj Va Va Voom,,Sexual Content
2014,Nicki Minaj Anaconda [Clean Edit],,Sexual Content
2015,Nicki Minaj f./Skylar Grey Bed Of Lies,,Language
2011,Nicki Minaj feat. Drake Moment 4 Life,,Language / Content
2015,Nicki Minaj ft Beyonce Feeling Myself,,Language / Content
2015,Nicki Minaj ft. Drake & Lil Wayne Truffle Butter,,Language / Content
2015,"Nicki Minaj ft. Drake, Lil Wayne & Chris BrownOnly",,Language / Content
2010,Nicki Minaj ft. Lil Wayne I Get Crazy,,Language
2013,Nicki Minaj ft. Lil Wayne High School,,Language / Content
2011,Nicki Minaj ft. Lil Wayne Roman's Revenge,,Language / Content
2011,Nicki Minaj ft. Rihanna Fly,,Language
2010,Nicki Minaj ft. Will I Am Check it Out,,Language
2019,Nicky Jam Whine Up,,Sexual Content
2015,Nicky Jam & Enrique Iglesias El Perdon (Forgiveness),,Content - Sad
2019,NLE Choppa Camelot,,Language
Year,Artist,Song Title,Reason
2019,NLE Choppa,Shotta Flow,Language
2021,NLE Choppa,Narrow Road (feat. Lil Baby),Language / Content
2020,NLE Choppa Featuring Roddy Ricch,Walk Em Down,Language / Content
2021,Normani,Wild Side (feat. Cardi B),Language
2019,Normani,Motivation,Sexual Content
2015,Nova Rockafeller,Made In Gold,Language
2019,"Nsg, Tion Wayne",Options,Language
2015,O.T. Genasis,Coco,Language
2016,O.T. Genasis feat. Young Dolph,Cut It,Language / Content
2019,Offset,Clout,Language / Content
2018,Offset,Ric Flair Drip,Language / Content
2014,Oh Honey,Be Okay,Religion
2015,OK GO!,You’re a F%$&king Nerd,Language / Content
2021,Olivia Rodrigo,deja vu,Content - Sad
2021,Olivia Rodrigo,enough for you,Content - Sad
2021,Olivia Rodrigo,hope ur ok,Content - Sensitive Topic
2021,Olivia Rodrigo,"1 step forward, 3 steps back",Language
2021,Olivia Rodrigo,brutal,Language
2021,Olivia Rodrigo,drivers license,Language
2021,Olivia Rodrigo,happier,Language
2021,Olivia Rodrigo,"jealousy, jealousy",Language
2021,Olivia Rodrigo,traitor,Language
2021,Olivia Rodrigo,good 4 u,Language
2013,Olly Murs feat. Flo Rida,Troublemaker,Sexual Content
2012,Olly Murs ft Rizzle Kicks,Heart Skips a Beat,Sexual Content
2015,Omarion ft. Chris Brown & Jhene Aiko,Post to Be,Language / Content
2015,Paolo Nutini,Scream (Funk My Life Up),Sexual Content
2019,Parah Dice,Hot,Sexual Content
2019,Pardison Fontaine feat. Cardi B,Backin’ It Up,Language / Content
2021,"PARTYNEXTDOOR, Rihanna",BELIEVE IT,Language / Content
Year,Artist,Song Title,Reason
2010,Petey Pablo,Freek-A-Leek,Language
2009,Petey Pablo,Raise Up,Language
2014,Pharrell Williams,Come Get It Bae,Sexual Content
2011,Pink,Raise Your Glass,Drinking / Drugs / Partying
2011,Pink,F**Kin' Perfect,Language
2008,Pink,Get this party Started,Language
2012,Pink,Blow Me (One Last Kiss),Sexual Content
2021,Pink Sweat$,At My Worst,Content - Sad
2021,"Pink, Willow Sage Hart",Cover Me In Sunshine,Sexual Content
2016,Pitbull,Taxi,Sexual Content
2012,Pitbull,Back in Time,Language
2015,Pitbull & Ne-Yo,Time of our Lives,Language / Content
2012,Pitbull feat. Chris Brown,International Love,Sexual Content
2011,"Pitbull feat. Ne-Yo, Afrojack and Nayer",Give Me Everything,Sexual Content
2011,Pitbull feat. T-Pain,Hey Baby (Drop It To The Floor),Sexual Content
2013,Pitbull ft. Christina Aguilera,Feel this Moment,Sexual Content
2016,Pitbull ft. Enrique Iglesias,Messin' Around,Sexual Content
2014,Pitbull ft. G.R.L.,Wild Wild Love,Sexual Content
2014,Pitbull Ft. John Ryan,Fireball,Drinking / Drugs / Partying
2014,Pitbull ft. Kesha,Timber,Drinking / Drugs / Partying
2012,Pitbull ft. TJR,Don't Stop the Party,Drinking / Drugs / Partying
2021,Playboi Carti,Slay3r,Language / Content
2021,Polo G,21,Language / Content
2021,Polo G,Be Something (feat. Lil Baby),Language / Content
2021,Polo G,Black Hearted,Language / Content
2021,Polo G,Clueless (with Pop Smoke & Fivio Foreign),Language / Content
2021,Polo G,Epidemic,Language / Content
2021,Polo G,Flex (feat. Juice WRLD),Language / Content
2021,Polo G,GANG GANG (with Lil Wayne),Language / Content
2021,Polo G,Martin & Gina,Language / Content
2021,Polo G No Return (with The Kid LAROI & Lil Durk),,Language / Content
2021,Polo G Painting Pictures,,Language / Content
2021,Polo G RAPSTAR,,Language / Content
2019,Polo G Pop Out,,Language / Content
2021,"Polo G, Stunna 4 Vegas, NLE Choppa, Mike Wi Go  Stupid",,Language / Content
2021,Pooh Shiesty Back In Blood (feat. Lil Durk),,Language / Content
2021,Pop Smoke 44 BullDog,,Language / Content
2021,Pop Smoke Aim For The Moon (feat. Quavo),,Language / Content
2021,Pop Smoke AP - Music from the film Boogie,,Language / Content
2021,Pop Smoke Bad Bitch From Tokyo (Intro),,Language / Content
2021,Pop Smoke Bout A Million (feat. 42 Dugg & 21 Savage),,Language / Content
2021,Pop Smoke Brush Em (feat. Rah Swish),,Language / Content
2021,Pop Smoke Coupe,,Language / Content
2021,Pop Smoke Creature (feat. Swae Lee),,Language / Content
2021,Pop Smoke Demeanor (feat. Dua Lipa),,Language / Content
2021,Pop Smoke Enjoy Yourself (feat. Karol G),,Language / Content
2021,Pop Smoke Gangstas,,Language / Content
2021,Pop Smoke Genius (feat. Lil Tjay & Swae Lee),,Language / Content
2021,Pop Smoke Got It On Me,,Language / Content
2021,Pop Smoke Hello (feat. A Boogie Wit da Hoodie),,Language / Content
2021,Pop Smoke Manslaughter (feat. Rick Ross & The-Dream),,Language / Content
2021,Pop Smoke More Time,,Language / Content
2021,Pop Smoke Snitching (feat. Quavo & Future),,Language / Content
2021,Pop Smoke Something Special,,Language / Content
2021,Pop Smoke Tell The Vision (feat. Kanye West & Pusha T),,Language / Content
2021,Pop Smoke Tunnel Vision (Outro),,Language / Content
2021,Pop Smoke West Coast Sh*t (feat. Tyga & Quavo),,Language / Content
2021,Pop Smoke What You Know Bout Love,,Language / Content
2021,Pop Smoke Woo Baby (feat. Chris Brown),,Language / Content
2021,Pop Smoke Yea Yea,,Language / Content
2020,Pop Smoke,Dior Language / Content
2020,Pop Smoke Featuring 50 Cent & Roddy Ricch,The Woo Language / Content
2020,Pop Smoke Featuring Lil Baby & DaBaby,For The Night Language / Content
2020,Pop Smoke Featuring Lil Tjay,Mood Swings Language / Content
2021,"Pop Smoke, Rowdy Rebel",Make It Rain Language / Content
2018,Post Malone,Better Now Content - Sad
2019,Post Malone,Take What You Want ft. Ozzy Osbourne & Travis ScotDrinking / Drugs / Partying
2019,Post Malone,Enemies (feat. DaBaby) Language
2019,Post Malone,Goodbyes Language
2018,Post Malone,Psycho Language
2019,Post Malone,Saint-Tropez Language
2015,Post Malone,White Iverson Language
2021,Post Malone,Motley Crew Language / Content
2021,Post Malone,Rockstar (feat. 21 Savage) Language / Content
2021,Post Malone,Wow Language / Content
2021,Post Malone,Circles Sexual Content
2020,Post Malone & Swae Lee,Sunflower [spiderman: Into the spider-verse] Sexual Content
2020,Powfu Featuring beabadoobee,Death Bed religion
2015,Prince Royce ft. Pitbull,Back It Up Sexual Content
2015,Prince Royce ft. Snoop Dogg,Stuck On A Feeling Sexual Content
Year,Artist,Song Title,Reason
2021,Red Velvet,Psycho,Content - Sensitive Topic
2021,Red Velvet - IRENE & SEULGI,Monster,Sexual Content
2021,Rednex,Cotton Eye Joe,Content - Sensitive Topic
2016,"Redone Ft. Enrique Iglesias, R. City, Serayah & Shaggy",Don't You Need Somebody,Sexual Content
2021,Regard,Ride It,Sexual Content
2021,"Regard, RAYE",Secrets,Language / Content
2021,"Regard, Troye Sivan, Tate McRae",You,Drinking / Drugs / Partying
2017,Remy Ma,Ooouuu,Language / Content
2015,Rich Homie Quan,Flex (Ooh Ooh Ooh),Language / Content
2018,Rich The Kid,Plug Walk,Language / Content
2019,Rich The Kid,Splashin,Language / Content
2012,Rick Ross ft Drake & French Montana,Stay Schemin',Language / Content
2012,Rick Ross ft. Dr Dre & Jay-Z,3 Kings,Language / Content
2020,Rick Ross ft. Lil Wayne,Thug Cry,Language / Content
2011,Rick Ross ft. Nicki Minaj,You the Boss,Language / Content
2012,Rick Ross ft. Usher,Touch 'n You,Sexual Content
2014,Rico Love,They Don't Know,Language / Content
2013,Rihanna,Pour It Up,Drinking / Drugs / Partying
2016,Rihanna,Kiss It Better,Language
2016,Rihanna,Love On The Brain,Language
2016,Rihanna,Needed Me,Language
2011,Rihanna,You Da One,Language
2011,Rihanna,Cheers (Drink To That),Language / Content
2015,Rihanna,Bitch Better Have my Money,Language / Content
2017,Rihanna,Sex With Me,Language / Content
2011,Rihanna,Only Girl (In The World),Sexual Content
2011,Rihanna,S&M,Sexual Content
2011,Rihanna feat. Drake,What's My Name?,Language
2016,Rihanna feat. Drake,Work,Language
2013,Rihanna feat. Mikky Ekko,Stay,Content - Sad
2021,Taylor Swift,ME! (feat. Brendon Urie of Panic! At The Disco) Content - Sad
2021,Taylor Swift,Tell Me Why (Taylor's Version) Content - Sad
2021,Taylor Swift,You Belong With Me (Taylor's Version) Content - Sad
2013,Taylor Swift,I Knew You Were Trouble Content - Sad
2012,Taylor Swift,We Are Never Ever Getting Back Together Content - Sad
2021,Taylor Swift,Only The Young - Featured in Miss Americana Content - Sensitive Topic
2021,Taylor Swift,"no body, no crime (feat. HAIM) Drinking / Drugs / Partying"
2021,Taylor Swift,the 1 Language
2021,Taylor Swift,Hey Stephen (Taylor's Version) Sexual Content
2021,Taylor Swift,The Way I Loved You (Taylor's Version) Sexual Content
2018,Taylor Swift,Delicate Sexual Content
2015,Taylor Swift ft. Kendrick Lamar,Bad Blood Content - Sad
2016,That Poppy,Lowlife Language
2014,The 1975,Girls Language / Content
2021,The 1975,If You're Too Shy (Let Me Know) - Edit Sexual Content
2011,The Band Perry,If I Die Young Content - Sad
2013,The Band Perry,Better Dig Two Drinking / Drugs / Partying
2021,The Kid LAROI,Not sober (feat. Polo G & Stunna Gambino) Drinking / Drugs / Partying
2021,The Kid LAROI,Always Do Drinking / Drugs / Partying
2021,The Kid LAROI,Go (feat. Juice WRLD) Language
2021,The Kid LAROI,So Done Language
2021,The Kid LAROI,Stay (with Justin Bieber) Language / Content
2021,The Kid LAROI,Tell me why Language / Content
2021,The Kid LAROI,Tragic (feat. Youngboy Never Broke Again & Internet Language / Content
2021,The Kid LAROI,Without You (with Miley Cyrus) Language / Content
2013,The Lonely Island Ft. Adam Levine & Kendrick Lamar,YOLO Drinking / Drugs / Partying
Year,Artist,Song Title,Reason
2021,Tate McRae,You broke me first,Language
2021,"Tate McRae, Khalid",Working,Content - Sad
2020,Taylor Louderman,Someone Gets Hurt [from Mean Girls Musical],Sexual Content
Year,Artist,Song Title,Reason
2021,The Neighbourhood,Daddy Issues,Sexual Content
2019,The Prince Karma,No More,Drinking / Drugs / Partying
2014,The Ready Set,Higher,Drinking / Drugs / Partying
2020,"THE SCOTTS, Travis Scott & Kid Cudi",The Scotts,Language / Content
2013,The Script,If you could see me now,Content - Sad
2016,The Strumbellas,Spirits,Violence
2016,The Vamps,I found a Girl,Content - Sad
2015,The Vamps,Can We Dance,Language
2021,The Weeknd,In Your Eyes,content - Sad
2021,The Weeknd,Too Late,Drinking / Drugs / Partying
2021,The Weeknd,Faith,Drinking / Drugs / Partying
2015,The Weeknd,Can't Feel my Face,Drinking / Drugs / Partying
2015,The Weeknd,Wicked Games,Language
2021,The Weeknd,Save Your Tears (with Ariana Grande) (Remix),Language
2018,The Weeknd,Pray For Me,language / content
2016,The Weeknd,Acquainted,language / content
2015,The Weeknd,Often,language / content
2015,The Weeknd,The Hills,language / content
2021,The Weeknd,Escape From LA,Language / Content
2021,The Weeknd,Repeat After Me (Interlude),Language / Content
2021,The Weeknd,Snowchild,Language / Content
2015,The Weeknd,Earned it (50 shades of Grey),Sexual Content
2020,The Weeknd,Heartless,Language / Content
2016,The Weeknd f./Daft Punk,I Feel It Coming,Drinking / Drugs / Partying
2016,Theory of a Deadman,Blow,language / content
2018,Thomas Rhett,Marry Me,Drinking / Drugs / Partying
2019,Thomas Rhett,Look What God Gave Her,Religion
2014,Thomas Rhett,Get Me Some of That,Sexual Content
2011,Thompson Square,Are You Gonna Kiss Me Or Not,Sexual Content
2014,Tiesto,Wasted,Drinking / Drugs / Partying
Year,Artist,Song Title,Reason
2021,Tiesto,The Business,Language
2010,Timbaland ft. Justin Timberlake,Carry Out,Sexual Content
2015,Timbaland ft. Magoo and Missy Elliott,Cop That Sh*t,Language
2011,Timbaland ft. Pitbull & David Guetta,Pass At Me,Language
2014,Timeflies,Monsters,Language
2016,Timeflies,Once In A While,Language
2015,Timeflies ft. Natalie La Rose,Worse Things Than Love,Content - Sad
2016,Tinashe,Superlove,Language
2015,Tinashe & Chris Brown,Player,Language
2015,Tinashe & Iggy Azalea,All Hands On Deck (Remix),Language
2014,Tinashe Ft Schoolboy Q,2 On,Language
2011,Tinie Tempah feat. Eric Turner,Written In The Stars,Language
2014,Tinie Tempah ft. Labrinth,Lover Not a Fighter,Sexual Content
2011,Tinie Tempah ft. Wiz Khalifa,Till I'm Gone,Language
2016,Tinie Tempah ft. Zara Larsson,Girls Like,Sexual Content
2012,Toby Keith,Beers Ago,Drinking / Drugs / Partying
2012,Toby Keith,Red Solo Cup,Drinking / Drugs / Partying
2021,Tom Grennan,Little Bit of Love,Content - Sad
2021,"TOMORROW X TOGETHER, Seori",0X1=Lovesong (I Know I Love you),Sexual Content
2021,Tones And I,Bad Child,content - Sad
2021,"Topic, A7S",Breaking Me,Language
2015,Tori Kelly,Hollow,Content - Sad
2019,Tory Lanez,Talk to Me,Language / Content
2021,Tory Lanez,Broke In A Minute,Language / Content
2021,Tory Lanez,Stupid Again,Language / Content
2021,Tory Lanez,The Take (feat. Chris Brown),Language / Content
2016,Tory Lanez,Luv,Sexual Content
2015,Tove Lo,Timebomb (Pop Mix),Content - Sad
2015,Tove Lo,Habits (stay high),Drinking / Drugs / Partying
2016,Tove Lo,Cool Girl,Language
Year,Artist,Song Title,Reason
2015,Tove Lo,Talking Body,Language
2016,Tove Lo,True Disaster,Language
2015,Tove Lo,Moments,Language / Content
2012,T-Pain feat. Wiz Khalifa and Lily Allen,5 O'Clock,Language / Content
2014,T-Pain ft. B.o.B.,Up Down (Do this all Day),Language
2012,Train,Drive By,language
2015,Travie Mccoy ft. Sia,Golden,Language
2015,Travis Mills ft Tftift,Young & Stupid,Language / Content
2019,Travis Scott,Highest in the Room,Drinking / Drugs / Partying
2021,Travis Scott,Stargazing,Drinking / Drugs / Partying
2019,Travis Scott,goosebumps,Language
2019,Travis Scott,Yosemite,Language
2016,Travis Scott,Antidote,Language / Content
2021,Travis Scott,Franchise (feat. Young Thug & M.I.A.),Language / Content
2021,Travis Scott,Sicko Mode,Language / Content
2021,Travis Scott,"The Plan - From the Motion Picture ""TENET""",Language / Content
2021,Travis Scott,Butterfly effect,Sexual Content
2020,Travis Scott,Highest in the Room,Language / Content
2021,Trevor Daniel,Past Life (with Selena Gomez),content - Sad
2014,Trey Songz,Na Na,Drinking / Drugs / Partying
2012,Trey Songz,Heart Attack,Language
2014,Trey Songz,Simply Amazing,Sexual Content
2011,Trey Songz feat. Nicki Minaj,Bottoms Up,Drinking / Drugs / Partying
2012,Trey Songz ft. Lil Wayne & Young Jeezy,Hail Mary,Language / Content
2012,Trinidad James,All Gold Everything,Language / Content
2019,Trippie Redd,6 Kiss,Language / Content
2019,Trippie Redd,Who Needs Love,Language / Content
2021,Trippie Redd,Miss The Rage (feat. Playboi Carti),Language / Content
2021,"Trippie Redd, DaBaby",Death,Language / Content
2021,"Trippie Redd, Lil Uzi Vert",Holy Smokes,Language / Content
2021,Twenty One Pilots,Level of Concern Content - Sad
2021,Twenty One Pilots,Choker content - Sad
2016,Twenty One Pilots,Ride Content - Sad
2021,Twenty One Pilots,Saturday Drinking / Drugs / Partying
2021,Twenty One Pilots,Shy Away Sexual Content
2016,Twenty One Pilots,Heathens Violence
2021,TWICE,Alcohol-Free Drinking / Drugs / Partying
2021,TWICE,More & More Sexual Content
2021,twocolors,Lovefool Content - Sad
2021,Ty Dolla $ign,"Ego Death (feat. Kanye West, FKA twigs & Skrillex) Language / Content"
2021,Ty Dolla $ign,Spicy (feat. Post Malone) Language / Content
2016,Ty Dolla $ign feat. Future & Rae Sremmurd,Blase Language / Content
2014,Ty Dolla $ign ft. B.o.B,Paranoid Language / Content
2019,Tyga,Floss in the Bank Language / Content
2012,Tyga,Rack City Language / Content
2018,Tyga,Taste Language / Content
2021,Tyga,Ayy Macarena Language / Content
2021,Tyga,Vacation Language / Content
2019,Tyga ft. G-Eazy and Rich the Kid,Girls Have Fun Language / Content
2012,Tyga ft. Rick Ross,Dope Language / Content
2021,Tyla Yaweh,Tommy Lee (feat. Post Malone) Language / Content
2014,Tyler Farr,A guy goes into a bar Drinking / Drugs / Partying
2021,"Tyler, The Creator",EarfQuake Language
2021,"Tyler, The Creator",Lemonhead (feat. 42 Dugg) Language
2021,"Tyler, The Creator",Sir Baudelaire (feat. DJ Drama) Language
2021,"Tyler, The Creator",Wusyaname (feat. Youngboy Never Broke Again & Ty Langu age
2021,"Tyler, The Creator",Corso Language
2021,"Tyler, The Creator",Hot Wind Blows(feat. Lil Wayne) Language
"2021 Tyler, The Creator",,Juggernaut (feat. Lil Uzi Vert & Pharrell Williams),Language / Content
"2021 Tyler, The Creator",,Lumberjack,Language / Content
"2021 Tyler, The Creator",,Manifesto (feat. Domo Genesis),Language / Content
"2021 Tyler, The Creator",,RunItUp (feat. Teezo Touchdown),Language / Content
"2021 Tyler, The Creator",,Wilshire,Language / Content
2012 Usher,,Climax,Sexual Content
2012 Usher,,Scream,Sexual Content
2011 Usher feat. Pitbull,,DJ Got Us Fallin' In Love,Drinking / Drugs / Partying
2016 Usher feat. Young Thug,,No Limit,Language / Content
2015 Usher Ft. Juicy J,,I Don't Mind,Language / Content
2014 Usher ft. Nicki Minaj,,She came to Give it to You,Sexual Content
2012 Usher ft. Rick Ross,,Lemme See,Sexual Content
2021 Vedo,,You Got It,Language
Waka Flocka Flame feat. Roscoe Dash and 2011,,No Hands,Language / Content
Wale,,,
2012 Waka Flocka Flame ft. Nicki Minaj,,Get Low,Language / Content
2019 Wale feat. Jeremih,,On Chill,Language
2013 Wale feat. Tiara Thomas or Rihanna,,Bad,Language / Content
2011 Wale ft Jeremih & Rick Ross,,That Way,Language
2011 Wale ft Meek Mill & Rick Ross,,Ambition,Language / Content
2015 Wale ft. Jeremih,,The Body,Sexual Content
"Wale ft. Rick Ross, Lil Wayne, Omarion, T-Pain , You 2012",,,
"Gotti, Black Cobain & French Montana",,,
"",,Bag of Money,Language / Content
2021 Walker Hayes,,Fancy Like,Sexual Content
2021 Wallows,,Are You Bored Yet? (feat. Clairo),Language
2019 Walter French,,Lunch,Language / Content
2016 Weeknd feat. Daft Punk,,Starboy,Language
2021 WhoHeem,,Lets Link,Language / Content
Year,Artist,Song Title,Reason
2014,"Will I Am ft. Miley Cyrus, Wiz Khlifa & French Montana",Feeling Myself,Language
2014,Will.I.Am,GEEKIN',Language
2014,Will.I.Am,Heartbreaker,Language
2014,Will.I.Am,S.O.S.(mother nature),Language
2014,Will.I.Am,One More Chance,Sexual Content
2013,will.i.am and Britney Spears,Scream and Shout,Language
2012,Will.I.Am ft. Mick Jagger & Jennifer Lopez,T.H.E.[The Hardest Ever],Language
2013,will.i.am ft. Miley Cyrus,Fall Down,Drinking / Drugs / Partying
2014,Will.I.Am ft. Snoop Dogg,The Donque Song,Language / Content
2021,WILLOW,t r a n s p a r e n t s o u l feat. Travis Barker,Language
2014,Wiz Khalifa,We Dem Boyz,Language
2012,Wiz Khalifa,"Work Hard, Play Hard",Language
2014,Wiz Khalifa,I go Hard,Language / Content
2011,Wiz Khalifa,Roll Up,Language / Content
2012,Wiz Khalifa ft. 2 Chainz,It's Nothing,Language / Content
2011,"Wiz Khalifa ft. Snoop Dogg, Juicy J & T-Pain",Black And Yellow,Language
2012,Wiz Khalifa ft. The Weeknd,Remember You,Language / Content
2021,XXXTENTACION,changes,Content - Sad
2021,XXXTENTACION,Hope,Language
2019,XXXTENTACION,bad vibes forever,Language / Content
2019,XXXTENTACION,Jocelyn Flores,Language / Content
2018,Xxxtentacion,Moonlight,Language / Content
2018,Xxxtentacion,SAD!,Language / Content
2021,XXXTENTACION,Everybody Dies In Their Nightmares,Language / Content
2021,XXXTENTACION,Riot,Language / Content
2019,Xxxtentacion  feat. Maluma & Swae Lee,Arms Around You,Drinking / Drugs / Partying
2020,Y2K & Bbno$,Lalala,Language / Content
2015,Yazz and Serayah McNeill,Drip Drop,Sexual Content
2018,YG,Big Bank,Language / Content
2014,YG Ft. Jeezy & Rich Homie Quan,My Hitta,Language / Content
Year,Artist,Song Title,Reason
2021,Ying Yang Twins,Wait [The Whisper Song],Language / Content
2019,YNW Melly,223's (feat. 9lokknine),Language / Content
2019,YNW Melly,Murder On My Mind,Language / Content
2020,YNW Melly & Juice WRLD,Suicidal,Language / Content
2016,Yo Gotti feat. Nicki Minaj,Down In The Dm,Language
2021,"Young Stoner Life, Young Thug, Gunna",Solid (feat. Drake),Language
2021,"Young Stoner Life, Young Thug, Gunna",Diamonds Dancing (feat. Travis Scott),Language / Content
2021,"Young Stoner Life, Young Thug, Gunna",Ski,Language / Content
2016,Young Thug,Best Friend,Language
2019,Young Thug,The London ft. J. Cole & Travis Scott,Language
2020,Young Thug Featuring Gunna,Hot,Language / Content
2018,Youngboy Never Broke Again,Outside Today,Language
2019,Youngboy Never Broke Again,Valuable Pain,Language
2019,YouNotUs,Narcotic ft. Janieck & Senex,Drinking / Drugs / Partying
2016,Zac Brown Band,Beautiful Drug,Drinking / Drugs / Partying
2019,Zara Larsson,Ruin my Life,Language
2016,Zara Larsson,Ain't My Fault,Sexual Content
2016,Zayn Malik,Like I Would,Sexual Content
2016,Zayn Malik,PillowTalk,Sexual Content
2014,Zedd ft. Hayley Williams,Stay the Night,Sexual Content
2016,Zendaya,Something New,Sexual Content
2014,ZHU,Faded,Drinking / Drugs / Partying
2016,ZHU x Skrillex x THEY.,Working For It,Language
